[
    {
        "type": "message",
        "subtype": "channel_join",
        "ts": "1605578491.000200",
        "user": "U01F23RNLA0",
        "text": "<@U01F23RNLA0> has joined the channel"
    },
    {
        "type": "message",
        "subtype": "channel_join",
        "ts": "1605578497.000500",
        "user": "U01EP892ZGE",
        "text": "<@U01EP892ZGE> has joined the channel",
        "inviter": "U01F23RNLA0"
    },
    {
        "type": "message",
        "subtype": "channel_join",
        "ts": "1605578497.000700",
        "user": "U01EST0RQAZ",
        "text": "<@U01EST0RQAZ> has joined the channel",
        "inviter": "U01F23RNLA0"
    },
    {
        "type": "message",
        "subtype": "channel_join",
        "ts": "1605578497.000900",
        "user": "U01EST7GBEZ",
        "text": "<@U01EST7GBEZ> has joined the channel",
        "inviter": "U01F23RNLA0"
    },
    {
        "type": "message",
        "subtype": "channel_join",
        "ts": "1605578498.001100",
        "user": "U01F8JQFA1F",
        "text": "<@U01F8JQFA1F> has joined the channel",
        "inviter": "U01F23RNLA0"
    },
    {
        "type": "message",
        "subtype": "channel_join",
        "ts": "1605578729.001300",
        "user": "U01EP8RNY9L",
        "text": "<@U01EP8RNY9L> has joined the channel"
    },
    {
        "type": "message",
        "subtype": "channel_join",
        "ts": "1605578746.001500",
        "user": "U01EW6XN4LT",
        "text": "<@U01EW6XN4LT> has joined the channel"
    },
    {
        "type": "message",
        "subtype": "channel_join",
        "ts": "1605579018.001700",
        "user": "U01EW11ETKL",
        "text": "<@U01EW11ETKL> has joined the channel"
    },
    {
        "type": "message",
        "subtype": "channel_join",
        "ts": "1605579257.001900",
        "user": "U01EW16T96W",
        "text": "<@U01EW16T96W> has joined the channel"
    },
    {
        "type": "message",
        "subtype": "channel_join",
        "ts": "1605579436.002100",
        "user": "U01EF8YEP9V",
        "text": "<@U01EF8YEP9V> has joined the channel"
    },
    {
        "type": "message",
        "subtype": "channel_join",
        "ts": "1605580924.002300",
        "user": "U01EPA7K83Y",
        "text": "<@U01EPA7K83Y> has joined the channel"
    },
    {
        "type": "message",
        "subtype": "channel_join",
        "ts": "1605586329.002500",
        "user": "U01EW5L8EQ2",
        "text": "<@U01EW5L8EQ2> has joined the channel"
    },
    {
        "type": "message",
        "subtype": "channel_join",
        "ts": "1605590312.002700",
        "user": "U01FL3A6TJL",
        "text": "<@U01FL3A6TJL> has joined the channel"
    },
    {
        "type": "message",
        "subtype": "channel_join",
        "ts": "1605592675.002900",
        "user": "U01EWFEPW03",
        "text": "<@U01EWFEPW03> has joined the channel"
    },
    {
        "type": "message",
        "subtype": "channel_join",
        "ts": "1605595734.003100",
        "user": "U01EFJZQACX",
        "text": "<@U01EFJZQACX> has joined the channel"
    },
    {
        "type": "message",
        "subtype": "channel_topic",
        "ts": "1605599964.003200",
        "user": "U01EW11ETKL",
        "text": "<@U01EW11ETKL> set the channel topic: 9:40-9:50: Surface Fleet Video\n9:50-10:30: Jonathan\n10:30-11:10: Badrish",
        "topic": "9:40-9:50: Surface Fleet Video\n9:50-10:30: Jonathan\n10:30-11:10: Badrish"
    }
]