[
    {
        "type": "message",
        "subtype": "channel_join",
        "ts": "1605627754.003400",
        "user": "U01EXRVGM51",
        "text": "<@U01EXRVGM51> has joined the channel"
    },
    {
        "type": "message",
        "subtype": "channel_join",
        "ts": "1605627881.003600",
        "user": "U01EUHE4869",
        "text": "<@U01EUHE4869> has joined the channel"
    },
    {
        "type": "message",
        "subtype": "channel_join",
        "ts": "1605628143.003800",
        "user": "U01EGU2HJ87",
        "text": "<@U01EGU2HJ87> has joined the channel"
    },
    {
        "type": "message",
        "subtype": "channel_join",
        "ts": "1605628753.004000",
        "user": "U01EXTKFQ2X",
        "text": "<@U01EXTKFQ2X> has joined the channel"
    },
    {
        "type": "message",
        "subtype": "channel_join",
        "ts": "1605628965.004200",
        "user": "U01EUKEAYR3",
        "text": "<@U01EUKEAYR3> has joined the channel"
    },
    {
        "client_msg_id": "eb9c8848-9068-4dac-9854-62d5cd21bb26",
        "type": "message",
        "text": "<@U01EGU2HJ87> <@U01EP8RNY9L> There was a request (from your end, actually) to record the talks. Are you folks OK with that?",
        "user": "U01F23RNLA0",
        "ts": "1605630894.005000",
        "team": "T01ESRT4L21",
        "user_team": "T01ESRT4L21",
        "source_team": "T01ESRT4L21",
        "user_profile": {
            "avatar_hash": "4d348e9be4cd",
            "image_72": "https:\/\/avatars.slack-edge.com\/2020-11-16\/1491268124327_4d348e9be4cd013db6d3_72.jpg",
            "first_name": "Joe",
            "real_name": "Joe Hellerstein",
            "display_name": "Joe Hellerstein",
            "team": "T01ESRT4L21",
            "name": "hellerstein",
            "is_restricted": false,
            "is_ultra_restricted": false
        },
        "blocks": [
            {
                "type": "rich_text",
                "block_id": "qFL",
                "elements": [
                    {
                        "type": "rich_text_section",
                        "elements": [
                            {
                                "type": "user",
                                "user_id": "U01EGU2HJ87"
                            },
                            {
                                "type": "text",
                                "text": " "
                            },
                            {
                                "type": "user",
                                "user_id": "U01EP8RNY9L"
                            },
                            {
                                "type": "text",
                                "text": " There was a request (from your end, actually) to record the talks. Are you folks OK with that?"
                            }
                        ]
                    }
                ]
            }
        ]
    },
    {
        "client_msg_id": "2b7c97bf-9141-4d42-92de-b7cabfbd7ba3",
        "type": "message",
        "text": "It would be nice to do this conference discussion in Surface Fleet!",
        "user": "U01F23RNLA0",
        "ts": "1605635628.006200",
        "team": "T01ESRT4L21",
        "user_team": "T01ESRT4L21",
        "source_team": "T01ESRT4L21",
        "user_profile": {
            "avatar_hash": "4d348e9be4cd",
            "image_72": "https:\/\/avatars.slack-edge.com\/2020-11-16\/1491268124327_4d348e9be4cd013db6d3_72.jpg",
            "first_name": "Joe",
            "real_name": "Joe Hellerstein",
            "display_name": "Joe Hellerstein",
            "team": "T01ESRT4L21",
            "name": "hellerstein",
            "is_restricted": false,
            "is_ultra_restricted": false
        },
        "blocks": [
            {
                "type": "rich_text",
                "block_id": "vsKcT",
                "elements": [
                    {
                        "type": "rich_text_section",
                        "elements": [
                            {
                                "type": "text",
                                "text": "It would be nice to do this conference discussion in Surface Fleet!"
                            }
                        ]
                    }
                ]
            }
        ],
        "reactions": [
            {
                "name": "+1",
                "users": [
                    "U01EGU2HJ87"
                ],
                "count": 1
            }
        ]
    },
    {
        "client_msg_id": "64a25628-9583-431f-b61c-6636c1f9ccf8",
        "type": "message",
        "text": "This demo is so cool! Any thoughts on how to avoid unintentional overwriting when multiple users are editing content, and support some kind of versioning, incl. forks &amp; rollback?",
        "user": "U01EY0G9Y1G",
        "ts": "1605635955.007500",
        "team": "T01ESRT4L21",
        "user_team": "T01ESRT4L21",
        "source_team": "T01ESRT4L21",
        "user_profile": {
            "avatar_hash": "g18529be65e3",
            "image_72": "https:\/\/secure.gravatar.com\/avatar\/18529be65e37cc732ed7b5082ed28e73.jpg?s=72&d=https%3A%2F%2Fa.slack-edge.com%2Fdf10d%2Fimg%2Favatars%2Fava_0010-72.png",
            "first_name": "",
            "real_name": "Aditya P",
            "display_name": "Aditya P",
            "team": "T01ESRT4L21",
            "name": "adityagp",
            "is_restricted": false,
            "is_ultra_restricted": false
        },
        "blocks": [
            {
                "type": "rich_text",
                "block_id": "Lmoi",
                "elements": [
                    {
                        "type": "rich_text_section",
                        "elements": [
                            {
                                "type": "text",
                                "text": "This demo is so cool! Any thoughts on how to avoid unintentional overwriting when multiple users are editing content, and support some kind of versioning, incl. forks & rollback?"
                            }
                        ]
                    }
                ]
            }
        ],
        "thread_ts": "1605635955.007500",
        "reply_count": 1,
        "reply_users_count": 1,
        "latest_reply": "1605645558.029600",
        "reply_users": [
            "U01EP8RNY9L"
        ],
        "replies": [
            {
                "user": "U01EP8RNY9L",
                "ts": "1605645558.029600"
            }
        ],
        "subscribed": false
    },
    {
        "client_msg_id": "9790c977-dba5-479a-87f4-0d566765535a",
        "type": "message",
        "text": "Age-old question (subject of n HPTS conferences during Jim Gray’s life): Why are the Queue and the DB separate? Should one be other or vice versa?",
        "user": "U01F23RNLA0",
        "ts": "1605636613.008200",
        "team": "T01ESRT4L21",
        "user_team": "T01ESRT4L21",
        "source_team": "T01ESRT4L21",
        "user_profile": {
            "avatar_hash": "4d348e9be4cd",
            "image_72": "https:\/\/avatars.slack-edge.com\/2020-11-16\/1491268124327_4d348e9be4cd013db6d3_72.jpg",
            "first_name": "Joe",
            "real_name": "Joe Hellerstein",
            "display_name": "Joe Hellerstein",
            "team": "T01ESRT4L21",
            "name": "hellerstein",
            "is_restricted": false,
            "is_ultra_restricted": false
        },
        "blocks": [
            {
                "type": "rich_text",
                "block_id": "ieO",
                "elements": [
                    {
                        "type": "rich_text_section",
                        "elements": [
                            {
                                "type": "text",
                                "text": "Age-old question (subject of n HPTS conferences during Jim Gray’s life): Why are the Queue and the DB separate? Should one be other or vice versa?"
                            }
                        ]
                    }
                ]
            }
        ],
        "thread_ts": "1605636613.008200",
        "reply_count": 1,
        "reply_users_count": 1,
        "latest_reply": "1605645684.030000",
        "reply_users": [
            "U01EP8RNY9L"
        ],
        "replies": [
            {
                "user": "U01EP8RNY9L",
                "ts": "1605645684.030000"
            }
        ],
        "subscribed": true,
        "last_read": "1605636613.008200"
    },
    {
        "client_msg_id": "852ddf7c-77ec-4ca1-bb9b-918e5ac12b98",
        "type": "message",
        "text": "The weak language binding of Ambrosia is also an ordered execution contract. Does this mean we cannot replace an immortal with a distributed version of the immortal?",
        "user": "U01F23RNLA0",
        "ts": "1605637390.009700",
        "team": "T01ESRT4L21",
        "user_team": "T01ESRT4L21",
        "source_team": "T01ESRT4L21",
        "user_profile": {
            "avatar_hash": "4d348e9be4cd",
            "image_72": "https:\/\/avatars.slack-edge.com\/2020-11-16\/1491268124327_4d348e9be4cd013db6d3_72.jpg",
            "first_name": "Joe",
            "real_name": "Joe Hellerstein",
            "display_name": "Joe Hellerstein",
            "team": "T01ESRT4L21",
            "name": "hellerstein",
            "is_restricted": false,
            "is_ultra_restricted": false
        },
        "blocks": [
            {
                "type": "rich_text",
                "block_id": "FQE",
                "elements": [
                    {
                        "type": "rich_text_section",
                        "elements": [
                            {
                                "type": "text",
                                "text": "The weak language binding of Ambrosia is also an ordered execution contract. Does this mean we cannot replace an immortal with a distributed version of the immortal?"
                            }
                        ]
                    }
                ]
            }
        ],
        "thread_ts": "1605637390.009700",
        "reply_count": 2,
        "reply_users_count": 2,
        "latest_reply": "1605645971.030700",
        "reply_users": [
            "U01F23RNLA0",
            "U01EP8RNY9L"
        ],
        "replies": [
            {
                "user": "U01F23RNLA0",
                "ts": "1605637468.009800"
            },
            {
                "user": "U01EP8RNY9L",
                "ts": "1605645971.030700"
            }
        ],
        "subscribed": true,
        "last_read": "1605637468.009800"
    },
    {
        "client_msg_id": "39f71101-1775-4ab6-8e0f-089feb0b6249",
        "type": "message",
        "text": "Or rather, a distributed version is required to preserve order (via coordination)?",
        "user": "U01F23RNLA0",
        "ts": "1605637468.009800",
        "team": "T01ESRT4L21",
        "user_team": "T01ESRT4L21",
        "source_team": "T01ESRT4L21",
        "user_profile": {
            "avatar_hash": "4d348e9be4cd",
            "image_72": "https:\/\/avatars.slack-edge.com\/2020-11-16\/1491268124327_4d348e9be4cd013db6d3_72.jpg",
            "first_name": "Joe",
            "real_name": "Joe Hellerstein",
            "display_name": "Joe Hellerstein",
            "team": "T01ESRT4L21",
            "name": "hellerstein",
            "is_restricted": false,
            "is_ultra_restricted": false
        },
        "blocks": [
            {
                "type": "rich_text",
                "block_id": "kcooo",
                "elements": [
                    {
                        "type": "rich_text_section",
                        "elements": [
                            {
                                "type": "text",
                                "text": "Or rather, a distributed version is required to preserve order (via coordination)?"
                            }
                        ]
                    }
                ]
            }
        ],
        "thread_ts": "1605637390.009700",
        "parent_user_id": "U01F23RNLA0"
    },
    {
        "client_msg_id": "70542a2a-151f-4bfe-bae1-4a54aa20cb9d",
        "type": "message",
        "text": "One thing we can agree on — the popular FaaS frameworks can be very inefficient if you push them outside their comfort zone.",
        "user": "U01F23RNLA0",
        "ts": "1605637606.010500",
        "team": "T01ESRT4L21",
        "user_team": "T01ESRT4L21",
        "source_team": "T01ESRT4L21",
        "user_profile": {
            "avatar_hash": "4d348e9be4cd",
            "image_72": "https:\/\/avatars.slack-edge.com\/2020-11-16\/1491268124327_4d348e9be4cd013db6d3_72.jpg",
            "first_name": "Joe",
            "real_name": "Joe Hellerstein",
            "display_name": "Joe Hellerstein",
            "team": "T01ESRT4L21",
            "name": "hellerstein",
            "is_restricted": false,
            "is_ultra_restricted": false
        },
        "edited": {
            "user": "U01F23RNLA0",
            "ts": "1605637618.000000"
        },
        "blocks": [
            {
                "type": "rich_text",
                "block_id": "Unb",
                "elements": [
                    {
                        "type": "rich_text_section",
                        "elements": [
                            {
                                "type": "text",
                                "text": "One thing we can agree on — the popular FaaS frameworks can be very inefficient if you push them outside their comfort zone."
                            }
                        ]
                    }
                ]
            }
        ],
        "thread_ts": "1605637606.010500",
        "reply_count": 1,
        "reply_users_count": 1,
        "latest_reply": "1605646089.030900",
        "reply_users": [
            "U01EP8RNY9L"
        ],
        "replies": [
            {
                "user": "U01EP8RNY9L",
                "ts": "1605646089.030900"
            }
        ],
        "subscribed": true,
        "last_read": "1605637606.010500"
    },
    {
        "client_msg_id": "47192e19-5ed6-407f-8888-7ddf3dcdc26f",
        "type": "message",
        "text": "The performance question for Ambrosia that I’d like to see stress-tested is log write latency — this is the coordination bottleneck inherent in the design, no? Can we avoid a linear log and get better latency (and more throughput)? And how this compares to similar efforts like Corfu.",
        "user": "U01F23RNLA0",
        "ts": "1605637884.012500",
        "team": "T01ESRT4L21",
        "user_team": "T01ESRT4L21",
        "source_team": "T01ESRT4L21",
        "user_profile": {
            "avatar_hash": "4d348e9be4cd",
            "image_72": "https:\/\/avatars.slack-edge.com\/2020-11-16\/1491268124327_4d348e9be4cd013db6d3_72.jpg",
            "first_name": "Joe",
            "real_name": "Joe Hellerstein",
            "display_name": "Joe Hellerstein",
            "team": "T01ESRT4L21",
            "name": "hellerstein",
            "is_restricted": false,
            "is_ultra_restricted": false
        },
        "blocks": [
            {
                "type": "rich_text",
                "block_id": "N1qa4",
                "elements": [
                    {
                        "type": "rich_text_section",
                        "elements": [
                            {
                                "type": "text",
                                "text": "The performance question for Ambrosia that I’d like to see stress-tested is log write latency — this is the coordination bottleneck inherent in the design, no? Can we avoid a linear log and get better latency (and more throughput)? And how this compares to similar efforts like Corfu."
                            }
                        ]
                    }
                ]
            }
        ],
        "thread_ts": "1605637884.012500",
        "reply_count": 3,
        "reply_users_count": 1,
        "latest_reply": "1605646966.031500",
        "reply_users": [
            "U01EP8RNY9L"
        ],
        "replies": [
            {
                "user": "U01EP8RNY9L",
                "ts": "1605646595.031100"
            },
            {
                "user": "U01EP8RNY9L",
                "ts": "1605646849.031300"
            },
            {
                "user": "U01EP8RNY9L",
                "ts": "1605646966.031500"
            }
        ],
        "subscribed": true,
        "last_read": "1605637884.012500"
    },
    {
        "client_msg_id": "e1f03a34-26b4-4563-a31f-c4adf38e096c",
        "type": "message",
        "text": "This is a much more \"meta\" question, the ideas of virtual resiliency echo a lot of the desires of Orleans with their virtual actors. The most major differerence that I see is the role that state plays in Ambrosia vs Orleans. State management has to be explicit in Orleans (even if the \"computation\" is virtually resilient). In Ambrosia, virtual resiliency encompasses state. Is that correct?",
        "user": "U01EH0F9XCP",
        "ts": "1605637987.014400",
        "team": "T01ESRT4L21",
        "user_team": "T01ESRT4L21",
        "source_team": "T01ESRT4L21",
        "user_profile": {
            "avatar_hash": "eac21241e039",
            "image_72": "https:\/\/avatars.slack-edge.com\/2020-11-17\/1507962693619_eac21241e0395cc1102b_72.png",
            "first_name": "",
            "real_name": "Natacha Crooks",
            "display_name": "Natacha Crooks",
            "team": "T01ESRT4L21",
            "name": "ncrooks",
            "is_restricted": false,
            "is_ultra_restricted": false
        },
        "blocks": [
            {
                "type": "rich_text",
                "block_id": "GaDD",
                "elements": [
                    {
                        "type": "rich_text_section",
                        "elements": [
                            {
                                "type": "text",
                                "text": "This is a much more \"meta\" question, the ideas of virtual resiliency echo a lot of the desires of Orleans with their virtual actors. The most major differerence that I see is the role that state plays in Ambrosia vs Orleans. State management has to be explicit in Orleans (even if the \"computation\" is virtually resilient). In Ambrosia, virtual resiliency encompasses state. Is that correct?"
                            }
                        ]
                    }
                ]
            }
        ],
        "thread_ts": "1605637987.014400",
        "reply_count": 3,
        "reply_users_count": 1,
        "latest_reply": "1605647569.032100",
        "reply_users": [
            "U01EP8RNY9L"
        ],
        "replies": [
            {
                "user": "U01EP8RNY9L",
                "ts": "1605647405.031700"
            },
            {
                "user": "U01EP8RNY9L",
                "ts": "1605647480.031900"
            },
            {
                "user": "U01EP8RNY9L",
                "ts": "1605647569.032100"
            }
        ],
        "subscribed": false
    },
    {
        "client_msg_id": "f21da158-e081-4352-ba2a-a899725c43fe",
        "type": "message",
        "text": "Sorry I was not able to join the Zoom call in time... I have too many things going on these days. Happy to field any questions though, at least asynchronously! We have a lot of ideas to take these user experiences much further, such as through real-time sharing of sensor data across federations of devices. This can take certain forms of \"sharing\" from actions that take 15-30s (e.g. for Screen Sharing in Teams calls) to things that can happen in 10s, 1s, even &lt;1s in socially nuanced ways by moving and tilting devices (as just one example).  Our recent work on tilt-responsive interfaces has strong hints in this direction... <https:\/\/www.youtube.com\/watch?v=bovY2IdTbgE>",
        "user": "U01EV0Q9TK7",
        "ts": "1605638341.017600",
        "team": "T01ESRT4L21",
        "user_team": "T01ESRT4L21",
        "source_team": "T01ESRT4L21",
        "user_profile": {
            "avatar_hash": "g972b882fd0c",
            "image_72": "https:\/\/secure.gravatar.com\/avatar\/972b882fd0c8396454ca205127d2c6b2.jpg?s=72&d=https%3A%2F%2Fa.slack-edge.com%2Fdf10d%2Fimg%2Favatars%2Fava_0014-72.png",
            "first_name": "",
            "real_name": "Ken Hinckley",
            "display_name": "Ken Hinckley",
            "team": "T01ESRT4L21",
            "name": "kenh",
            "is_restricted": false,
            "is_ultra_restricted": false
        },
        "attachments": [
            {
                "service_name": "YouTube",
                "service_url": "https:\/\/www.youtube.com\/",
                "title": "Tilt-Responsive Techniques for Digital Drawing Boards",
                "title_link": "https:\/\/www.youtube.com\/watch?v=bovY2IdTbgE",
                "author_name": "Microsoft Research",
                "author_link": "https:\/\/www.youtube.com\/user\/MicrosoftResearch",
                "thumb_url": "https:\/\/i.ytimg.com\/vi\/bovY2IdTbgE\/hqdefault.jpg",
                "thumb_width": 480,
                "thumb_height": 360,
                "fallback": "YouTube Video: Tilt-Responsive Techniques for Digital Drawing Boards",
                "video_html": "<iframe width=\"400\" height=\"225\" src=\"https:\/\/www.youtube.com\/embed\/bovY2IdTbgE?feature=oembed&autoplay=1&iv_load_policy=3\" frameborder=\"0\" allow=\"accelerometer; autoplay; clipboard-write; encrypted-media; gyroscope; picture-in-picture\" allowfullscreen><\/iframe>",
                "video_html_width": 400,
                "video_html_height": 225,
                "from_url": "https:\/\/www.youtube.com\/watch?v=bovY2IdTbgE",
                "service_icon": "https:\/\/a.slack-edge.com\/80588\/img\/unfurl_icons\/youtube.png",
                "id": 1,
                "original_url": "https:\/\/www.youtube.com\/watch?v=bovY2IdTbgE"
            }
        ],
        "blocks": [
            {
                "type": "rich_text",
                "block_id": "=zb",
                "elements": [
                    {
                        "type": "rich_text_section",
                        "elements": [
                            {
                                "type": "text",
                                "text": "Sorry I was not able to join the Zoom call in time... I have too many things going on these days. Happy to field any questions though, at least asynchronously! We have a lot of ideas to take these user experiences much further, such as through real-time sharing of sensor data across federations of devices. This can take certain forms of \"sharing\" from actions that take 15-30s (e.g. for Screen Sharing in Teams calls) to things that can happen in 10s, 1s, even <1s in socially nuanced ways by moving and tilting devices (as just one example).  Our recent work on tilt-responsive interfaces has strong hints in this direction... "
                            },
                            {
                                "type": "link",
                                "url": "https:\/\/www.youtube.com\/watch?v=bovY2IdTbgE"
                            }
                        ]
                    }
                ]
            }
        ],
        "reactions": [
            {
                "name": "+1",
                "users": [
                    "U01F23RNLA0",
                    "U01EW11ETKL"
                ],
                "count": 2
            },
            {
                "name": "raised_hands",
                "users": [
                    "U01EGU2HJ87"
                ],
                "count": 1
            }
        ]
    },
    {
        "client_msg_id": "7def8e83-d9ff-43cf-a990-d1dde3da76fc",
        "type": "message",
        "text": "In a distributed setting like Durable Functions + FASTER, what are the consistency guarantees offered?",
        "user": "U01F23RNLA0",
        "ts": "1605639019.018700",
        "team": "T01ESRT4L21",
        "user_team": "T01ESRT4L21",
        "source_team": "T01ESRT4L21",
        "user_profile": {
            "avatar_hash": "4d348e9be4cd",
            "image_72": "https:\/\/avatars.slack-edge.com\/2020-11-16\/1491268124327_4d348e9be4cd013db6d3_72.jpg",
            "first_name": "Joe",
            "real_name": "Joe Hellerstein",
            "display_name": "Joe Hellerstein",
            "team": "T01ESRT4L21",
            "name": "hellerstein",
            "is_restricted": false,
            "is_ultra_restricted": false
        },
        "blocks": [
            {
                "type": "rich_text",
                "block_id": "zC6FK",
                "elements": [
                    {
                        "type": "rich_text_section",
                        "elements": [
                            {
                                "type": "text",
                                "text": "In a distributed setting like Durable Functions + FASTER, what are the consistency guarantees offered?"
                            }
                        ]
                    }
                ]
            }
        ],
        "thread_ts": "1605639019.018700",
        "reply_count": 1,
        "reply_users_count": 1,
        "latest_reply": "1605645549.029400",
        "reply_users": [
            "U01EGU2HJ87"
        ],
        "replies": [
            {
                "user": "U01EGU2HJ87",
                "ts": "1605645549.029400"
            }
        ],
        "subscribed": true,
        "last_read": "1605639019.018700"
    },
    {
        "client_msg_id": "949d5b0c-1e14-4cc6-8b5b-7dad6e32eec4",
        "type": "message",
        "text": "Shadowfax latency?",
        "user": "U01F23RNLA0",
        "ts": "1605639124.019000",
        "team": "T01ESRT4L21",
        "user_team": "T01ESRT4L21",
        "source_team": "T01ESRT4L21",
        "user_profile": {
            "avatar_hash": "4d348e9be4cd",
            "image_72": "https:\/\/avatars.slack-edge.com\/2020-11-16\/1491268124327_4d348e9be4cd013db6d3_72.jpg",
            "first_name": "Joe",
            "real_name": "Joe Hellerstein",
            "display_name": "Joe Hellerstein",
            "team": "T01ESRT4L21",
            "name": "hellerstein",
            "is_restricted": false,
            "is_ultra_restricted": false
        },
        "blocks": [
            {
                "type": "rich_text",
                "block_id": "ZLTq",
                "elements": [
                    {
                        "type": "rich_text_section",
                        "elements": [
                            {
                                "type": "text",
                                "text": "Shadowfax latency?"
                            }
                        ]
                    }
                ]
            }
        ],
        "thread_ts": "1605639124.019000",
        "reply_count": 2,
        "reply_users_count": 2,
        "latest_reply": "1605640079.025800",
        "reply_users": [
            "U01F23RNLA0",
            "U01EGU2HJ87"
        ],
        "replies": [
            {
                "user": "U01F23RNLA0",
                "ts": "1605639180.019100"
            },
            {
                "user": "U01EGU2HJ87",
                "ts": "1605640079.025800"
            }
        ],
        "subscribed": true,
        "last_read": "1605639180.019100"
    },
    {
        "client_msg_id": "288c1908-ffc0-4792-bd75-b15ce5484522",
        "type": "message",
        "text": "We found plenty of bandwidth at AWS for remote Anna clients, but latency became an issue.",
        "user": "U01F23RNLA0",
        "ts": "1605639180.019100",
        "team": "T01ESRT4L21",
        "user_team": "T01ESRT4L21",
        "source_team": "T01ESRT4L21",
        "user_profile": {
            "avatar_hash": "4d348e9be4cd",
            "image_72": "https:\/\/avatars.slack-edge.com\/2020-11-16\/1491268124327_4d348e9be4cd013db6d3_72.jpg",
            "first_name": "Joe",
            "real_name": "Joe Hellerstein",
            "display_name": "Joe Hellerstein",
            "team": "T01ESRT4L21",
            "name": "hellerstein",
            "is_restricted": false,
            "is_ultra_restricted": false
        },
        "blocks": [
            {
                "type": "rich_text",
                "block_id": "sLR",
                "elements": [
                    {
                        "type": "rich_text_section",
                        "elements": [
                            {
                                "type": "text",
                                "text": "We found plenty of bandwidth at AWS for remote Anna clients, but latency became an issue."
                            }
                        ]
                    }
                ]
            }
        ],
        "thread_ts": "1605639124.019000",
        "parent_user_id": "U01F23RNLA0"
    },
    {
        "client_msg_id": "67829f7d-5e7c-410c-b3bd-a8c9d813b122",
        "type": "message",
        "text": "Does CPR say anything about interleavings across clients? And is there dataflow\/visibility across clients? It looks to be a per-client guarantee from the cartoon, but probably I’m misunderstanding.",
        "user": "U01F23RNLA0",
        "ts": "1605639380.020000",
        "team": "T01ESRT4L21",
        "user_team": "T01ESRT4L21",
        "source_team": "T01ESRT4L21",
        "user_profile": {
            "avatar_hash": "4d348e9be4cd",
            "image_72": "https:\/\/avatars.slack-edge.com\/2020-11-16\/1491268124327_4d348e9be4cd013db6d3_72.jpg",
            "first_name": "Joe",
            "real_name": "Joe Hellerstein",
            "display_name": "Joe Hellerstein",
            "team": "T01ESRT4L21",
            "name": "hellerstein",
            "is_restricted": false,
            "is_ultra_restricted": false
        },
        "edited": {
            "user": "U01F23RNLA0",
            "ts": "1605639407.000000"
        },
        "blocks": [
            {
                "type": "rich_text",
                "block_id": "Q=3a",
                "elements": [
                    {
                        "type": "rich_text_section",
                        "elements": [
                            {
                                "type": "text",
                                "text": "Does CPR say anything about interleavings across clients? And is there dataflow\/visibility across clients? It looks to be a per-client guarantee from the cartoon, but probably I’m misunderstanding."
                            }
                        ]
                    }
                ]
            }
        ],
        "thread_ts": "1605639380.020000",
        "reply_count": 1,
        "reply_users_count": 1,
        "latest_reply": "1605645950.030400",
        "reply_users": [
            "U01EGU2HJ87"
        ],
        "replies": [
            {
                "user": "U01EGU2HJ87",
                "ts": "1605645950.030400"
            }
        ],
        "subscribed": true,
        "last_read": "1605639380.020000"
    },
    {
        "client_msg_id": "69fb4ad4-e0bb-44f1-8baa-33186a8642a6",
        "type": "message",
        "text": "More generally, we should sort out the consistency guarantees offered by DPR wrt the guarantees of Cloudburst\/Hydrocache work.",
        "user": "U01F23RNLA0",
        "ts": "1605639520.020900",
        "team": "T01ESRT4L21",
        "user_team": "T01ESRT4L21",
        "source_team": "T01ESRT4L21",
        "user_profile": {
            "avatar_hash": "4d348e9be4cd",
            "image_72": "https:\/\/avatars.slack-edge.com\/2020-11-16\/1491268124327_4d348e9be4cd013db6d3_72.jpg",
            "first_name": "Joe",
            "real_name": "Joe Hellerstein",
            "display_name": "Joe Hellerstein",
            "team": "T01ESRT4L21",
            "name": "hellerstein",
            "is_restricted": false,
            "is_ultra_restricted": false
        },
        "edited": {
            "user": "U01F23RNLA0",
            "ts": "1605639584.000000"
        },
        "blocks": [
            {
                "type": "rich_text",
                "block_id": "Wb5kA",
                "elements": [
                    {
                        "type": "rich_text_section",
                        "elements": [
                            {
                                "type": "text",
                                "text": "More generally, we should sort out the consistency guarantees offered by DPR wrt the guarantees of Cloudburst\/Hydrocache work."
                            }
                        ]
                    }
                ]
            }
        ]
    },
    {
        "client_msg_id": "e02ed389-15dc-4a70-8c58-2d0ed6583936",
        "type": "message",
        "text": "Is it correct to think of prefix consistency as causal consistency, where the dependency is the prefix, and you can change dependencies by changing the session?",
        "user": "U01EPA7K83Y",
        "ts": "1605639746.022400",
        "team": "T01ESRT4L21",
        "user_team": "T01ESRT4L21",
        "source_team": "T01ESRT4L21",
        "user_profile": {
            "avatar_hash": "cf0088bb5a4d",
            "image_72": "https:\/\/avatars.slack-edge.com\/2020-11-16\/1499347740614_cf0088bb5a4d7c50e844_72.jpg",
            "first_name": "",
            "real_name": "David Chu",
            "display_name": "David Chu",
            "team": "T01ESRT4L21",
            "name": "thedavidchu",
            "is_restricted": false,
            "is_ultra_restricted": false
        },
        "blocks": [
            {
                "type": "rich_text",
                "block_id": "KXC",
                "elements": [
                    {
                        "type": "rich_text_section",
                        "elements": [
                            {
                                "type": "text",
                                "text": "Is it correct to think of prefix consistency as causal consistency, where the dependency is the prefix, and you can change dependencies by changing the session?"
                            }
                        ]
                    }
                ]
            }
        ],
        "thread_ts": "1605639746.022400",
        "reply_count": 4,
        "reply_users_count": 2,
        "latest_reply": "1605645785.030200",
        "reply_users": [
            "U01EGU2HJ87",
            "U01EW6XN4LT"
        ],
        "replies": [
            {
                "user": "U01EGU2HJ87",
                "ts": "1605640138.026000"
            },
            {
                "user": "U01EW6XN4LT",
                "ts": "1605640196.026300"
            },
            {
                "user": "U01EW6XN4LT",
                "ts": "1605640218.026500"
            },
            {
                "user": "U01EGU2HJ87",
                "ts": "1605645785.030200"
            }
        ],
        "subscribed": false,
        "reactions": [
            {
                "name": "+1",
                "users": [
                    "U01EGU2HJ87"
                ],
                "count": 1
            }
        ]
    },
    {
        "client_msg_id": "83fbfd04-b3b3-4d99-9cad-583e0d69e74c",
        "type": "message",
        "text": "The Hydrocache work in SIGMOD 20 (and Natacha has prior work) provides Transactional Causal Consistency. I’d like to understand how that relates to prefix consistency.",
        "user": "U01F23RNLA0",
        "ts": "1605639817.024100",
        "team": "T01ESRT4L21",
        "user_team": "T01ESRT4L21",
        "source_team": "T01ESRT4L21",
        "user_profile": {
            "avatar_hash": "4d348e9be4cd",
            "image_72": "https:\/\/avatars.slack-edge.com\/2020-11-16\/1491268124327_4d348e9be4cd013db6d3_72.jpg",
            "first_name": "Joe",
            "real_name": "Joe Hellerstein",
            "display_name": "Joe Hellerstein",
            "team": "T01ESRT4L21",
            "name": "hellerstein",
            "is_restricted": false,
            "is_ultra_restricted": false
        },
        "blocks": [
            {
                "type": "rich_text",
                "block_id": "QsDTI",
                "elements": [
                    {
                        "type": "rich_text_section",
                        "elements": [
                            {
                                "type": "text",
                                "text": "The Hydrocache work in SIGMOD 20 (and Natacha has prior work) provides Transactional Causal Consistency. I’d like to understand how that relates to prefix consistency."
                            }
                        ]
                    }
                ]
            }
        ],
        "thread_ts": "1605639817.024100",
        "reply_count": 2,
        "reply_users_count": 1,
        "latest_reply": "1605640370.027100",
        "reply_users": [
            "U01EGU2HJ87"
        ],
        "replies": [
            {
                "user": "U01EGU2HJ87",
                "ts": "1605640278.026700"
            },
            {
                "user": "U01EGU2HJ87",
                "ts": "1605640370.027100"
            }
        ],
        "subscribed": true,
        "last_read": "1605639817.024100"
    },
    {
        "client_msg_id": "ae9a917f-3e15-4f4c-b8a3-5e8ddd3be191",
        "type": "message",
        "text": "Yes, there is clearly a latency-throughput tradeoff for performance. We do small batches (32KB-128KB) to keep latency manageable. Shadowfax uses larger batches, but in DPR + FASTER work, we get 100 microseconds of latency (within cluster) with 10+ million ops\/sec.",
        "user": "U01EGU2HJ87",
        "ts": "1605640079.025800",
        "team": "T01ESRT4L21",
        "user_team": "T01ESRT4L21",
        "source_team": "T01ESRT4L21",
        "user_profile": {
            "avatar_hash": "g82daae7f2c0",
            "image_72": "https:\/\/secure.gravatar.com\/avatar\/82daae7f2c07b87d1be2f898e7fd984d.jpg?s=72&d=https%3A%2F%2Fa.slack-edge.com%2Fdf10d%2Fimg%2Favatars%2Fava_0011-72.png",
            "first_name": "",
            "real_name": "Badrish Chandramouli",
            "display_name": "Badrish Chandramouli",
            "team": "T01ESRT4L21",
            "name": "badrishc",
            "is_restricted": false,
            "is_ultra_restricted": false
        },
        "blocks": [
            {
                "type": "rich_text",
                "block_id": "7ksD8",
                "elements": [
                    {
                        "type": "rich_text_section",
                        "elements": [
                            {
                                "type": "text",
                                "text": "Yes, there is clearly a latency-throughput tradeoff for performance. We do small batches (32KB-128KB) to keep latency manageable. Shadowfax uses larger batches, but in DPR + FASTER work, we get 100 microseconds of latency (within cluster) with 10+ million ops\/sec."
                            }
                        ]
                    }
                ]
            }
        ],
        "thread_ts": "1605639124.019000",
        "parent_user_id": "U01F23RNLA0"
    },
    {
        "client_msg_id": "ee41272d-44cb-47cc-b485-51a929296e5c",
        "type": "message",
        "text": "That would be a succinct way of thinking about it, yes. You can introduce other client-aware dependencies in the model, but sessions are the unit for corralling dependencies.",
        "user": "U01EGU2HJ87",
        "ts": "1605640138.026000",
        "team": "T01ESRT4L21",
        "user_team": "T01ESRT4L21",
        "source_team": "T01ESRT4L21",
        "user_profile": {
            "avatar_hash": "g82daae7f2c0",
            "image_72": "https:\/\/secure.gravatar.com\/avatar\/82daae7f2c07b87d1be2f898e7fd984d.jpg?s=72&d=https%3A%2F%2Fa.slack-edge.com%2Fdf10d%2Fimg%2Favatars%2Fava_0011-72.png",
            "first_name": "",
            "real_name": "Badrish Chandramouli",
            "display_name": "Badrish Chandramouli",
            "team": "T01ESRT4L21",
            "name": "badrishc",
            "is_restricted": false,
            "is_ultra_restricted": false
        },
        "blocks": [
            {
                "type": "rich_text",
                "block_id": "lpH",
                "elements": [
                    {
                        "type": "rich_text_section",
                        "elements": [
                            {
                                "type": "text",
                                "text": "That would be a succinct way of thinking about it, yes. You can introduce other client-aware dependencies in the model, but sessions are the unit for corralling dependencies."
                            }
                        ]
                    }
                ]
            }
        ],
        "thread_ts": "1605639746.022400",
        "parent_user_id": "U01EPA7K83Y"
    },
    {
        "client_msg_id": "5a2b8f11-1e83-483c-8ba7-a0611ce8342d",
        "type": "message",
        "text": "Assuming this is the prefix consistency I'm familiar with, from a client's local view of the final linear order of operations consists of a prefix of the final linear order and its own set of \"pending operations\".  A nice benefit of this is it's a total order, just with gaps where unknown operations may slot in.",
        "user": "U01EW6XN4LT",
        "ts": "1605640196.026300",
        "team": "T01ESRT4L21",
        "user_team": "T01ESRT4L21",
        "source_team": "T01ESRT4L21",
        "user_profile": {
            "avatar_hash": "gc5334a289f4",
            "image_72": "https:\/\/secure.gravatar.com\/avatar\/c5334a289f4a970adca54344f7e75d93.jpg?s=72&d=https%3A%2F%2Fa.slack-edge.com%2Fdf10d%2Fimg%2Favatars%2Fava_0001-72.png",
            "first_name": "",
            "real_name": "Matthew Milano",
            "display_name": "Matthew Milano",
            "team": "T01ESRT4L21",
            "name": "mpmilano",
            "is_restricted": false,
            "is_ultra_restricted": false
        },
        "blocks": [
            {
                "type": "rich_text",
                "block_id": "V5tfu",
                "elements": [
                    {
                        "type": "rich_text_section",
                        "elements": [
                            {
                                "type": "text",
                                "text": "Assuming this is the prefix consistency I'm familiar with, from a client's local view of the final linear order of operations consists of a prefix of the final linear order and its own set of \"pending operations\".  A nice benefit of this is it's a total order, just with gaps where unknown operations may slot in."
                            }
                        ]
                    }
                ]
            }
        ],
        "thread_ts": "1605639746.022400",
        "parent_user_id": "U01EPA7K83Y"
    },
    {
        "client_msg_id": "149e0a5e-2007-420b-88b2-c16ab54f1a30",
        "type": "message",
        "text": "is this property true of the prefix consistency we're talking about here?",
        "user": "U01EW6XN4LT",
        "ts": "1605640218.026500",
        "team": "T01ESRT4L21",
        "user_team": "T01ESRT4L21",
        "source_team": "T01ESRT4L21",
        "user_profile": {
            "avatar_hash": "gc5334a289f4",
            "image_72": "https:\/\/secure.gravatar.com\/avatar\/c5334a289f4a970adca54344f7e75d93.jpg?s=72&d=https%3A%2F%2Fa.slack-edge.com%2Fdf10d%2Fimg%2Favatars%2Fava_0001-72.png",
            "first_name": "",
            "real_name": "Matthew Milano",
            "display_name": "Matthew Milano",
            "team": "T01ESRT4L21",
            "name": "mpmilano",
            "is_restricted": false,
            "is_ultra_restricted": false
        },
        "blocks": [
            {
                "type": "rich_text",
                "block_id": "U6WL",
                "elements": [
                    {
                        "type": "rich_text_section",
                        "elements": [
                            {
                                "type": "text",
                                "text": "is this property true of the prefix consistency we're talking about here?"
                            }
                        ]
                    }
                ]
            }
        ],
        "thread_ts": "1605639746.022400",
        "parent_user_id": "U01EPA7K83Y"
    },
    {
        "client_msg_id": "424aa4d5-e98d-47f5-aeaa-616552114a45",
        "type": "message",
        "text": "Yes, the notion of prefix consistency has definitely been around for decades. Our SIGMOD 2019 work showed how prefix consistency is achievable without blocking in a concurrent multi-threaded node. The distributed extension takes this concept to sessions that span machines. We had to be very careful to retain the 10-100 million ops\/sec performance in this setting, so the tracking had to be made lightweight.",
        "user": "U01EGU2HJ87",
        "ts": "1605640278.026700",
        "team": "T01ESRT4L21",
        "user_team": "T01ESRT4L21",
        "source_team": "T01ESRT4L21",
        "user_profile": {
            "avatar_hash": "g82daae7f2c0",
            "image_72": "https:\/\/secure.gravatar.com\/avatar\/82daae7f2c07b87d1be2f898e7fd984d.jpg?s=72&d=https%3A%2F%2Fa.slack-edge.com%2Fdf10d%2Fimg%2Favatars%2Fava_0011-72.png",
            "first_name": "",
            "real_name": "Badrish Chandramouli",
            "display_name": "Badrish Chandramouli",
            "team": "T01ESRT4L21",
            "name": "badrishc",
            "is_restricted": false,
            "is_ultra_restricted": false
        },
        "blocks": [
            {
                "type": "rich_text",
                "block_id": "2hrQi",
                "elements": [
                    {
                        "type": "rich_text_section",
                        "elements": [
                            {
                                "type": "text",
                                "text": "Yes, the notion of prefix consistency has definitely been around for decades. Our SIGMOD 2019 work showed how prefix consistency is achievable without blocking in a concurrent multi-threaded node. The distributed extension takes this concept to sessions that span machines. We had to be very careful to retain the 10-100 million ops\/sec performance in this setting, so the tracking had to be made lightweight."
                            }
                        ]
                    }
                ]
            }
        ],
        "thread_ts": "1605639817.024100",
        "parent_user_id": "U01F23RNLA0"
    },
    {
        "client_msg_id": "2403607d-40f4-4529-ab85-99da373e3320",
        "type": "message",
        "text": "Our individual operations in a session are single shard - they might be \"transactions\", but they are each not distributed.",
        "user": "U01EGU2HJ87",
        "ts": "1605640370.027100",
        "team": "T01ESRT4L21",
        "user_team": "T01ESRT4L21",
        "source_team": "T01ESRT4L21",
        "user_profile": {
            "avatar_hash": "g82daae7f2c0",
            "image_72": "https:\/\/secure.gravatar.com\/avatar\/82daae7f2c07b87d1be2f898e7fd984d.jpg?s=72&d=https%3A%2F%2Fa.slack-edge.com%2Fdf10d%2Fimg%2Favatars%2Fava_0011-72.png",
            "first_name": "",
            "real_name": "Badrish Chandramouli",
            "display_name": "Badrish Chandramouli",
            "team": "T01ESRT4L21",
            "name": "badrishc",
            "is_restricted": false,
            "is_ultra_restricted": false
        },
        "blocks": [
            {
                "type": "rich_text",
                "block_id": "vcfIq",
                "elements": [
                    {
                        "type": "rich_text_section",
                        "elements": [
                            {
                                "type": "text",
                                "text": "Our individual operations in a session are single shard - they might be \"transactions\", but they are each not distributed."
                            }
                        ]
                    }
                ]
            }
        ],
        "thread_ts": "1605639817.024100",
        "parent_user_id": "U01F23RNLA0"
    },
    {
        "client_msg_id": "bdafc4a3-ef77-401d-9fa4-3d3b7aeb8e78",
        "type": "message",
        "text": "How does Shadowfax handle failures? Does it depend on some sort of leader election like Paxos, or is there some timeout-based spawning of new leaders? In the 2nd case, how do you prevent 2 leaders from writing simultaneously?",
        "user": "U01EPA7K83Y",
        "ts": "1605640619.028800",
        "team": "T01ESRT4L21",
        "user_team": "T01ESRT4L21",
        "source_team": "T01ESRT4L21",
        "user_profile": {
            "avatar_hash": "cf0088bb5a4d",
            "image_72": "https:\/\/avatars.slack-edge.com\/2020-11-16\/1499347740614_cf0088bb5a4d7c50e844_72.jpg",
            "first_name": "",
            "real_name": "David Chu",
            "display_name": "David Chu",
            "team": "T01ESRT4L21",
            "name": "thedavidchu",
            "is_restricted": false,
            "is_ultra_restricted": false
        },
        "blocks": [
            {
                "type": "rich_text",
                "block_id": "iq4",
                "elements": [
                    {
                        "type": "rich_text_section",
                        "elements": [
                            {
                                "type": "text",
                                "text": "How does Shadowfax handle failures? Does it depend on some sort of leader election like Paxos, or is there some timeout-based spawning of new leaders? In the 2nd case, how do you prevent 2 leaders from writing simultaneously?"
                            }
                        ]
                    }
                ]
            }
        ],
        "thread_ts": "1605640619.028800",
        "reply_count": 1,
        "reply_users_count": 1,
        "latest_reply": "1605645030.028900",
        "reply_users": [
            "U01EGU2HJ87"
        ],
        "replies": [
            {
                "user": "U01EGU2HJ87",
                "ts": "1605645030.028900"
            }
        ],
        "subscribed": false
    },
    {
        "client_msg_id": "f20e3c41-8c49-427f-9640-e7385d3e8431",
        "type": "message",
        "text": "We have an orthogonal cluster manager (like Kubernetes or Service Fabric) to manage failures and respawning of cluster machines. Further, there is only a single writer to the shared part of the FasterLog shard (on cloud storage) at a time, governed by write lock provided by the cloud storage service.",
        "user": "U01EGU2HJ87",
        "ts": "1605645030.028900",
        "team": "T01ESRT4L21",
        "user_team": "T01ESRT4L21",
        "source_team": "T01ESRT4L21",
        "user_profile": {
            "avatar_hash": "g82daae7f2c0",
            "image_72": "https:\/\/secure.gravatar.com\/avatar\/82daae7f2c07b87d1be2f898e7fd984d.jpg?s=72&d=https%3A%2F%2Fa.slack-edge.com%2Fdf10d%2Fimg%2Favatars%2Fava_0011-72.png",
            "first_name": "",
            "real_name": "Badrish Chandramouli",
            "display_name": "Badrish Chandramouli",
            "team": "T01ESRT4L21",
            "name": "badrishc",
            "is_restricted": false,
            "is_ultra_restricted": false
        },
        "blocks": [
            {
                "type": "rich_text",
                "block_id": "VBJi",
                "elements": [
                    {
                        "type": "rich_text_section",
                        "elements": [
                            {
                                "type": "text",
                                "text": "We have an orthogonal cluster manager (like Kubernetes or Service Fabric) to manage failures and respawning of cluster machines. Further, there is only a single writer to the shared part of the FasterLog shard (on cloud storage) at a time, governed by write lock provided by the cloud storage service."
                            }
                        ]
                    }
                ]
            }
        ],
        "thread_ts": "1605640619.028800",
        "parent_user_id": "U01EPA7K83Y",
        "reactions": [
            {
                "name": "+1",
                "users": [
                    "U01EPA7K83Y"
                ],
                "count": 1
            }
        ]
    },
    {
        "client_msg_id": "a350475a-4111-45e0-bc24-0599caec741e",
        "type": "message",
        "text": "You get causal consistency for the workflow, with logging (using FasterLog) as an underlying mechanism.",
        "user": "U01EGU2HJ87",
        "ts": "1605645549.029400",
        "team": "T01ESRT4L21",
        "user_team": "T01ESRT4L21",
        "source_team": "T01ESRT4L21",
        "user_profile": {
            "avatar_hash": "g82daae7f2c0",
            "image_72": "https:\/\/secure.gravatar.com\/avatar\/82daae7f2c07b87d1be2f898e7fd984d.jpg?s=72&d=https%3A%2F%2Fa.slack-edge.com%2Fdf10d%2Fimg%2Favatars%2Fava_0011-72.png",
            "first_name": "",
            "real_name": "Badrish Chandramouli",
            "display_name": "Badrish Chandramouli",
            "team": "T01ESRT4L21",
            "name": "badrishc",
            "is_restricted": false,
            "is_ultra_restricted": false
        },
        "blocks": [
            {
                "type": "rich_text",
                "block_id": "+xWD",
                "elements": [
                    {
                        "type": "rich_text_section",
                        "elements": [
                            {
                                "type": "text",
                                "text": "You get causal consistency for the workflow, with logging (using FasterLog) as an underlying mechanism."
                            }
                        ]
                    }
                ]
            }
        ],
        "thread_ts": "1605639019.018700",
        "parent_user_id": "U01F23RNLA0"
    },
    {
        "client_msg_id": "12297989-4e8e-4855-b0ca-24ea0522bd2a",
        "type": "message",
        "text": "It's not something we've tackled yet, but definitely makes sense :)",
        "user": "U01EP8RNY9L",
        "ts": "1605645558.029600",
        "team": "T01ESRT4L21",
        "user_team": "T01ESRT4L21",
        "source_team": "T01ESRT4L21",
        "user_profile": {
            "avatar_hash": "g1680b8d7037",
            "image_72": "https:\/\/secure.gravatar.com\/avatar\/1680b8d703771a63458bb523e3d0dcf9.jpg?s=72&d=https%3A%2F%2Fa.slack-edge.com%2Fdf10d%2Fimg%2Favatars%2Fava_0026-72.png",
            "first_name": "",
            "real_name": "Jonathan Goldstein",
            "display_name": "Jonathan Goldstein",
            "team": "T01ESRT4L21",
            "name": "jongold",
            "is_restricted": false,
            "is_ultra_restricted": false
        },
        "blocks": [
            {
                "type": "rich_text",
                "block_id": "8a0",
                "elements": [
                    {
                        "type": "rich_text_section",
                        "elements": [
                            {
                                "type": "text",
                                "text": "It's not something we've tackled yet, but definitely makes sense :)"
                            }
                        ]
                    }
                ]
            }
        ],
        "thread_ts": "1605635955.007500",
        "parent_user_id": "U01EY0G9Y1G"
    },
    {
        "client_msg_id": "4f8e9988-79e7-4693-b826-97f84616807b",
        "type": "message",
        "text": "Fair enough. I guess a lot also depends on why the queue is being used. In a lot of cloud contexts, queues are being used to create recoverability, which should, in my opinion, be a built-in platform feature...",
        "user": "U01EP8RNY9L",
        "ts": "1605645684.030000",
        "team": "T01ESRT4L21",
        "user_team": "T01ESRT4L21",
        "source_team": "T01ESRT4L21",
        "user_profile": {
            "avatar_hash": "g1680b8d7037",
            "image_72": "https:\/\/secure.gravatar.com\/avatar\/1680b8d703771a63458bb523e3d0dcf9.jpg?s=72&d=https%3A%2F%2Fa.slack-edge.com%2Fdf10d%2Fimg%2Favatars%2Fava_0026-72.png",
            "first_name": "",
            "real_name": "Jonathan Goldstein",
            "display_name": "Jonathan Goldstein",
            "team": "T01ESRT4L21",
            "name": "jongold",
            "is_restricted": false,
            "is_ultra_restricted": false
        },
        "blocks": [
            {
                "type": "rich_text",
                "block_id": "KnEg",
                "elements": [
                    {
                        "type": "rich_text_section",
                        "elements": [
                            {
                                "type": "text",
                                "text": "Fair enough. I guess a lot also depends on why the queue is being used. In a lot of cloud contexts, queues are being used to create recoverability, which should, in my opinion, be a built-in platform feature..."
                            }
                        ]
                    }
                ]
            }
        ],
        "thread_ts": "1605636613.008200",
        "parent_user_id": "U01F23RNLA0"
    },
    {
        "client_msg_id": "f6f188fc-185a-4bf2-947f-59c9d2bf99a6",
        "type": "message",
        "text": "Exactly, well stated Matthew! In the original paper we had the notion of \"strict CPR\", where we forced there to be no holes as part of the protocol. We have since expanded to a version we called \"relaxed CPR\", where clients have a pending set as a first class citizen. The latter is important when sessions may become idle with pending operations, or if you have long I\/O times (e.g., with remote) that could delay commit.",
        "user": "U01EGU2HJ87",
        "ts": "1605645785.030200",
        "team": "T01ESRT4L21",
        "user_team": "T01ESRT4L21",
        "source_team": "T01ESRT4L21",
        "user_profile": {
            "avatar_hash": "g82daae7f2c0",
            "image_72": "https:\/\/secure.gravatar.com\/avatar\/82daae7f2c07b87d1be2f898e7fd984d.jpg?s=72&d=https%3A%2F%2Fa.slack-edge.com%2Fdf10d%2Fimg%2Favatars%2Fava_0011-72.png",
            "first_name": "",
            "real_name": "Badrish Chandramouli",
            "display_name": "Badrish Chandramouli",
            "team": "T01ESRT4L21",
            "name": "badrishc",
            "is_restricted": false,
            "is_ultra_restricted": false
        },
        "blocks": [
            {
                "type": "rich_text",
                "block_id": "r\/cf",
                "elements": [
                    {
                        "type": "rich_text_section",
                        "elements": [
                            {
                                "type": "text",
                                "text": "Exactly, well stated Matthew! In the original paper we had the notion of \"strict CPR\", where we forced there to be no holes as part of the protocol. We have since expanded to a version we called \"relaxed CPR\", where clients have a pending set as a first class citizen. The latter is important when sessions may become idle with pending operations, or if you have long I\/O times (e.g., with remote) that could delay commit."
                            }
                        ]
                    }
                ]
            }
        ],
        "thread_ts": "1605639746.022400",
        "parent_user_id": "U01EPA7K83Y"
    },
    {
        "client_msg_id": "bbbcefc4-de32-4c71-bdeb-24d3ad42d97c",
        "type": "message",
        "text": "Yes, the DPR model provide guarantees within a session. Across sessions, consistency is governed by the individual cache-store's commit implementation. (Recall that there is only one copy of a given data item.)",
        "user": "U01EGU2HJ87",
        "ts": "1605645950.030400",
        "team": "T01ESRT4L21",
        "user_team": "T01ESRT4L21",
        "source_team": "T01ESRT4L21",
        "user_profile": {
            "avatar_hash": "g82daae7f2c0",
            "image_72": "https:\/\/secure.gravatar.com\/avatar\/82daae7f2c07b87d1be2f898e7fd984d.jpg?s=72&d=https%3A%2F%2Fa.slack-edge.com%2Fdf10d%2Fimg%2Favatars%2Fava_0011-72.png",
            "first_name": "",
            "real_name": "Badrish Chandramouli",
            "display_name": "Badrish Chandramouli",
            "team": "T01ESRT4L21",
            "name": "badrishc",
            "is_restricted": false,
            "is_ultra_restricted": false
        },
        "blocks": [
            {
                "type": "rich_text",
                "block_id": "hM4V",
                "elements": [
                    {
                        "type": "rich_text_section",
                        "elements": [
                            {
                                "type": "text",
                                "text": "Yes, the DPR model provide guarantees within a session. Across sessions, consistency is governed by the individual cache-store's commit implementation. (Recall that there is only one copy of a given data item.)"
                            }
                        ]
                    }
                ]
            }
        ],
        "thread_ts": "1605639380.020000",
        "parent_user_id": "U01F23RNLA0"
    },
    {
        "client_msg_id": "7eacf9dc-e08e-429b-91be-e1d5aaee2605",
        "type": "message",
        "text": "You absolutely could. There are likely different ways of going about this. A good start, from my point of view, is to make a \"sharded\" version, Orleans style, which supports elastic scalability in a highly available, performant manner. I think I see your point, though, that you might be able to get away with a less \"semantically partitioned\" approach using the stuff you've developed.",
        "user": "U01EP8RNY9L",
        "ts": "1605645971.030700",
        "team": "T01ESRT4L21",
        "user_team": "T01ESRT4L21",
        "source_team": "T01ESRT4L21",
        "user_profile": {
            "avatar_hash": "g1680b8d7037",
            "image_72": "https:\/\/secure.gravatar.com\/avatar\/1680b8d703771a63458bb523e3d0dcf9.jpg?s=72&d=https%3A%2F%2Fa.slack-edge.com%2Fdf10d%2Fimg%2Favatars%2Fava_0026-72.png",
            "first_name": "",
            "real_name": "Jonathan Goldstein",
            "display_name": "Jonathan Goldstein",
            "team": "T01ESRT4L21",
            "name": "jongold",
            "is_restricted": false,
            "is_ultra_restricted": false
        },
        "blocks": [
            {
                "type": "rich_text",
                "block_id": "qaEQo",
                "elements": [
                    {
                        "type": "rich_text_section",
                        "elements": [
                            {
                                "type": "text",
                                "text": "You absolutely could. There are likely different ways of going about this. A good start, from my point of view, is to make a \"sharded\" version, Orleans style, which supports elastic scalability in a highly available, performant manner. I think I see your point, though, that you might be able to get away with a less \"semantically partitioned\" approach using the stuff you've developed."
                            }
                        ]
                    }
                ]
            }
        ],
        "thread_ts": "1605637390.009700",
        "parent_user_id": "U01F23RNLA0"
    },
    {
        "client_msg_id": "4c13fc72-3be0-4a7f-9dbc-7c5c35be1fb1",
        "type": "message",
        "text": "And there's a lot of latent opportunity outside that zone IMO",
        "user": "U01EP8RNY9L",
        "ts": "1605646089.030900",
        "team": "T01ESRT4L21",
        "user_team": "T01ESRT4L21",
        "source_team": "T01ESRT4L21",
        "user_profile": {
            "avatar_hash": "g1680b8d7037",
            "image_72": "https:\/\/secure.gravatar.com\/avatar\/1680b8d703771a63458bb523e3d0dcf9.jpg?s=72&d=https%3A%2F%2Fa.slack-edge.com%2Fdf10d%2Fimg%2Favatars%2Fava_0026-72.png",
            "first_name": "",
            "real_name": "Jonathan Goldstein",
            "display_name": "Jonathan Goldstein",
            "team": "T01ESRT4L21",
            "name": "jongold",
            "is_restricted": false,
            "is_ultra_restricted": false
        },
        "blocks": [
            {
                "type": "rich_text",
                "block_id": "NK6",
                "elements": [
                    {
                        "type": "rich_text_section",
                        "elements": [
                            {
                                "type": "text",
                                "text": "And there's a lot of latent opportunity outside that zone IMO"
                            }
                        ]
                    }
                ]
            }
        ],
        "thread_ts": "1605637606.010500",
        "parent_user_id": "U01F23RNLA0"
    },
    {
        "client_msg_id": "6fb35ee5-8518-45bf-a5c2-a65f966f7657",
        "type": "message",
        "text": "Log write throughput is practically unlimited in the datacenter, by using RAID style arrays of managed disks (per VM), combined with the adaptive batching mechanisms. We easily get many GB of throughput\/s from a single VM in configurations like these. The bottleneck is typically the time it takes to run actual code. This is what I meant by log activity is request bound rather than state change bound. 1GB of incoming requests results in 1GB of log writing, regardless of how much state is changed by executing the request. With cost being limited these days by CPU, the extra log movement and writing is very cheap. Even the cost of contention associated with writing to the tail of the log is typically very dominated by deserialization and request execution time in practice.",
        "user": "U01EP8RNY9L",
        "ts": "1605646595.031100",
        "team": "T01ESRT4L21",
        "user_team": "T01ESRT4L21",
        "source_team": "T01ESRT4L21",
        "user_profile": {
            "avatar_hash": "g1680b8d7037",
            "image_72": "https:\/\/secure.gravatar.com\/avatar\/1680b8d703771a63458bb523e3d0dcf9.jpg?s=72&d=https%3A%2F%2Fa.slack-edge.com%2Fdf10d%2Fimg%2Favatars%2Fava_0026-72.png",
            "first_name": "",
            "real_name": "Jonathan Goldstein",
            "display_name": "Jonathan Goldstein",
            "team": "T01ESRT4L21",
            "name": "jongold",
            "is_restricted": false,
            "is_ultra_restricted": false
        },
        "blocks": [
            {
                "type": "rich_text",
                "block_id": "5rvUw",
                "elements": [
                    {
                        "type": "rich_text_section",
                        "elements": [
                            {
                                "type": "text",
                                "text": "Log write throughput is practically unlimited in the datacenter, by using RAID style arrays of managed disks (per VM), combined with the adaptive batching mechanisms. We easily get many GB of throughput\/s from a single VM in configurations like these. The bottleneck is typically the time it takes to run actual code. This is what I meant by log activity is request bound rather than state change bound. 1GB of incoming requests results in 1GB of log writing, regardless of how much state is changed by executing the request. With cost being limited these days by CPU, the extra log movement and writing is very cheap. Even the cost of contention associated with writing to the tail of the log is typically very dominated by deserialization and request execution time in practice."
                            }
                        ]
                    }
                ]
            }
        ],
        "thread_ts": "1605637884.012500",
        "parent_user_id": "U01F23RNLA0"
    },
    {
        "client_msg_id": "b90b082f-a707-466d-a1e4-f867833f4410",
        "type": "message",
        "text": "In terms of latency, we are limited by the time to make a request durable in a replicated environment. Today, this latency is 100s of microseconds within the datacenter. At the time the paper was written, that storage service hadn't been made available yet. I suspect we could get under a millisecond with the latest. Across datacenters, of course, will be significantly larger, although we haven't measured.",
        "user": "U01EP8RNY9L",
        "ts": "1605646849.031300",
        "team": "T01ESRT4L21",
        "user_team": "T01ESRT4L21",
        "source_team": "T01ESRT4L21",
        "user_profile": {
            "avatar_hash": "g1680b8d7037",
            "image_72": "https:\/\/secure.gravatar.com\/avatar\/1680b8d703771a63458bb523e3d0dcf9.jpg?s=72&d=https%3A%2F%2Fa.slack-edge.com%2Fdf10d%2Fimg%2Favatars%2Fava_0026-72.png",
            "first_name": "",
            "real_name": "Jonathan Goldstein",
            "display_name": "Jonathan Goldstein",
            "team": "T01ESRT4L21",
            "name": "jongold",
            "is_restricted": false,
            "is_ultra_restricted": false
        },
        "blocks": [
            {
                "type": "rich_text",
                "block_id": "2hln",
                "elements": [
                    {
                        "type": "rich_text_section",
                        "elements": [
                            {
                                "type": "text",
                                "text": "In terms of latency, we are limited by the time to make a request durable in a replicated environment. Today, this latency is 100s of microseconds within the datacenter. At the time the paper was written, that storage service hadn't been made available yet. I suspect we could get under a millisecond with the latest. Across datacenters, of course, will be significantly larger, although we haven't measured."
                            }
                        ]
                    }
                ]
            }
        ],
        "thread_ts": "1605637884.012500",
        "parent_user_id": "U01F23RNLA0"
    },
    {
        "client_msg_id": "6b9ebda1-ff81-46aa-ae53-7abbcae10afb",
        "type": "message",
        "text": "I just realized that there may have been a misunderstanding in the talk about the log. Communicating immortals no NOT share a log. They each have their own independent logs. So if you manually sharded an easily partitioned service, each shard would get it's own log, and be coordination free.",
        "user": "U01EP8RNY9L",
        "ts": "1605646966.031500",
        "team": "T01ESRT4L21",
        "user_team": "T01ESRT4L21",
        "source_team": "T01ESRT4L21",
        "user_profile": {
            "avatar_hash": "g1680b8d7037",
            "image_72": "https:\/\/secure.gravatar.com\/avatar\/1680b8d703771a63458bb523e3d0dcf9.jpg?s=72&d=https%3A%2F%2Fa.slack-edge.com%2Fdf10d%2Fimg%2Favatars%2Fava_0026-72.png",
            "first_name": "",
            "real_name": "Jonathan Goldstein",
            "display_name": "Jonathan Goldstein",
            "team": "T01ESRT4L21",
            "name": "jongold",
            "is_restricted": false,
            "is_ultra_restricted": false
        },
        "blocks": [
            {
                "type": "rich_text",
                "block_id": "WeDt",
                "elements": [
                    {
                        "type": "rich_text_section",
                        "elements": [
                            {
                                "type": "text",
                                "text": "I just realized that there may have been a misunderstanding in the talk about the log. Communicating immortals no NOT share a log. They each have their own independent logs. So if you manually sharded an easily partitioned service, each shard would get it's own log, and be coordination free."
                            }
                        ]
                    }
                ]
            }
        ],
        "thread_ts": "1605637884.012500",
        "parent_user_id": "U01F23RNLA0"
    },
    {
        "client_msg_id": "fd7f44c3-3e79-4275-ae9e-d5ace2f19846",
        "type": "message",
        "text": "Orleans doesn't have virtual resiliency today. Logically failure free execution can be guaranteed in a manner similar to what I described for Azure functions in the talk. For instance, application writers must explicitly save and restore state, must have their own logic (e.g. using seq nos) to guarantee logically exactly once execution, and generally write their code with partial executions in mind. I believe it does have a transaction mechanism, though, which can be used to atomically commit large blocks of code, which helps with writing code against partial executions, although at high cost, and still requires developer intervention.",
        "user": "U01EP8RNY9L",
        "ts": "1605647405.031700",
        "team": "T01ESRT4L21",
        "user_team": "T01ESRT4L21",
        "source_team": "T01ESRT4L21",
        "user_profile": {
            "avatar_hash": "g1680b8d7037",
            "image_72": "https:\/\/secure.gravatar.com\/avatar\/1680b8d703771a63458bb523e3d0dcf9.jpg?s=72&d=https%3A%2F%2Fa.slack-edge.com%2Fdf10d%2Fimg%2Favatars%2Fava_0026-72.png",
            "first_name": "",
            "real_name": "Jonathan Goldstein",
            "display_name": "Jonathan Goldstein",
            "team": "T01ESRT4L21",
            "name": "jongold",
            "is_restricted": false,
            "is_ultra_restricted": false
        },
        "blocks": [
            {
                "type": "rich_text",
                "block_id": "WRDT",
                "elements": [
                    {
                        "type": "rich_text_section",
                        "elements": [
                            {
                                "type": "text",
                                "text": "Orleans doesn't have virtual resiliency today. Logically failure free execution can be guaranteed in a manner similar to what I described for Azure functions in the talk. For instance, application writers must explicitly save and restore state, must have their own logic (e.g. using seq nos) to guarantee logically exactly once execution, and generally write their code with partial executions in mind. I believe it does have a transaction mechanism, though, which can be used to atomically commit large blocks of code, which helps with writing code against partial executions, although at high cost, and still requires developer intervention."
                            }
                        ]
                    }
                ]
            }
        ],
        "thread_ts": "1605637987.014400",
        "parent_user_id": "U01EH0F9XCP"
    },
    {
        "client_msg_id": "a8065b86-9719-42bd-95d2-024001896f71",
        "type": "message",
        "text": "Ambrosia covers both logical exactly once execution, and state recovery, which is a minimum for supporting virtual resiliency.",
        "user": "U01EP8RNY9L",
        "ts": "1605647480.031900",
        "team": "T01ESRT4L21",
        "user_team": "T01ESRT4L21",
        "source_team": "T01ESRT4L21",
        "user_profile": {
            "avatar_hash": "g1680b8d7037",
            "image_72": "https:\/\/secure.gravatar.com\/avatar\/1680b8d703771a63458bb523e3d0dcf9.jpg?s=72&d=https%3A%2F%2Fa.slack-edge.com%2Fdf10d%2Fimg%2Favatars%2Fava_0026-72.png",
            "first_name": "",
            "real_name": "Jonathan Goldstein",
            "display_name": "Jonathan Goldstein",
            "team": "T01ESRT4L21",
            "name": "jongold",
            "is_restricted": false,
            "is_ultra_restricted": false
        },
        "blocks": [
            {
                "type": "rich_text",
                "block_id": "dOuA",
                "elements": [
                    {
                        "type": "rich_text_section",
                        "elements": [
                            {
                                "type": "text",
                                "text": "Ambrosia covers both logical exactly once execution, and state recovery, which is a minimum for supporting virtual resiliency."
                            }
                        ]
                    }
                ]
            }
        ],
        "thread_ts": "1605637987.014400",
        "parent_user_id": "U01EH0F9XCP"
    },
    {
        "client_msg_id": "e8b17940-b228-4b23-9a93-268fc680bb64",
        "type": "message",
        "text": "It also automatically recovers all connections to other Ambrosia immortals, even if the IP address, or operating system, or CPU changes.",
        "user": "U01EP8RNY9L",
        "ts": "1605647569.032100",
        "team": "T01ESRT4L21",
        "user_team": "T01ESRT4L21",
        "source_team": "T01ESRT4L21",
        "user_profile": {
            "avatar_hash": "g1680b8d7037",
            "image_72": "https:\/\/secure.gravatar.com\/avatar\/1680b8d703771a63458bb523e3d0dcf9.jpg?s=72&d=https%3A%2F%2Fa.slack-edge.com%2Fdf10d%2Fimg%2Favatars%2Fava_0026-72.png",
            "first_name": "",
            "real_name": "Jonathan Goldstein",
            "display_name": "Jonathan Goldstein",
            "team": "T01ESRT4L21",
            "name": "jongold",
            "is_restricted": false,
            "is_ultra_restricted": false
        },
        "blocks": [
            {
                "type": "rich_text",
                "block_id": "qrKt",
                "elements": [
                    {
                        "type": "rich_text_section",
                        "elements": [
                            {
                                "type": "text",
                                "text": "It also automatically recovers all connections to other Ambrosia immortals, even if the IP address, or operating system, or CPU changes."
                            }
                        ]
                    }
                ]
            }
        ],
        "thread_ts": "1605637987.014400",
        "parent_user_id": "U01EH0F9XCP"
    }
]