[
    {
        "type": "message",
        "subtype": "channel_join",
        "ts": "1605627754.003500",
        "user": "U01EXRVGM51",
        "text": "<@U01EXRVGM51> has joined the channel"
    },
    {
        "type": "message",
        "subtype": "channel_join",
        "ts": "1605627881.003700",
        "user": "U01EUHE4869",
        "text": "<@U01EUHE4869> has joined the channel"
    },
    {
        "type": "message",
        "subtype": "channel_join",
        "ts": "1605628143.003900",
        "user": "U01EGU2HJ87",
        "text": "<@U01EGU2HJ87> has joined the channel"
    },
    {
        "type": "message",
        "subtype": "channel_join",
        "ts": "1605628753.004100",
        "user": "U01EXTKFQ2X",
        "text": "<@U01EXTKFQ2X> has joined the channel"
    },
    {
        "type": "message",
        "subtype": "channel_join",
        "ts": "1605628965.004300",
        "user": "U01EUKEAYR3",
        "text": "<@U01EUKEAYR3> has joined the channel"
    },
    {
        "client_msg_id": "68021d84-15d9-4784-8e64-923b00deaab5",
        "type": "message",
        "text": "Does Ray fit into this picture or is it completely separate?",
        "user": "U01EP8RNY9L",
        "ts": "1605629586.005000",
        "team": "T01ESRT4L21",
        "user_team": "T01ESRT4L21",
        "source_team": "T01ESRT4L21",
        "user_profile": {
            "avatar_hash": "g1680b8d7037",
            "image_72": "https:\/\/secure.gravatar.com\/avatar\/1680b8d703771a63458bb523e3d0dcf9.jpg?s=72&d=https%3A%2F%2Fa.slack-edge.com%2Fdf10d%2Fimg%2Favatars%2Fava_0026-72.png",
            "first_name": "",
            "real_name": "Jonathan Goldstein",
            "display_name": "Jonathan Goldstein",
            "team": "T01ESRT4L21",
            "name": "jongold",
            "is_restricted": false,
            "is_ultra_restricted": false
        },
        "blocks": [
            {
                "type": "rich_text",
                "block_id": "QIl6",
                "elements": [
                    {
                        "type": "rich_text_section",
                        "elements": [
                            {
                                "type": "text",
                                "text": "Does Ray fit into this picture or is it completely separate?"
                            }
                        ]
                    }
                ]
            }
        ],
        "thread_ts": "1605629586.005000",
        "reply_count": 2,
        "reply_users_count": 2,
        "latest_reply": "1605629635.005700",
        "reply_users": [
            "U01F23RNLA0",
            "U01EP8RNY9L"
        ],
        "replies": [
            {
                "user": "U01F23RNLA0",
                "ts": "1605629619.005500"
            },
            {
                "user": "U01EP8RNY9L",
                "ts": "1605629635.005700"
            }
        ],
        "subscribed": true,
        "last_read": "1605629635.005700"
    },
    {
        "client_msg_id": "c466e648-da6d-4cb2-9650-3cb1f40addfc",
        "type": "message",
        "text": "We’ll probably look at Ray as a programming model on top, but we don’t plan to integrate with their runtime",
        "user": "U01F23RNLA0",
        "ts": "1605629619.005500",
        "team": "T01ESRT4L21",
        "user_team": "T01ESRT4L21",
        "source_team": "T01ESRT4L21",
        "user_profile": {
            "avatar_hash": "4d348e9be4cd",
            "image_72": "https:\/\/avatars.slack-edge.com\/2020-11-16\/1491268124327_4d348e9be4cd013db6d3_72.jpg",
            "first_name": "Joe",
            "real_name": "Joe Hellerstein",
            "display_name": "Joe Hellerstein",
            "team": "T01ESRT4L21",
            "name": "hellerstein",
            "is_restricted": false,
            "is_ultra_restricted": false
        },
        "blocks": [
            {
                "type": "rich_text",
                "block_id": "huY3G",
                "elements": [
                    {
                        "type": "rich_text_section",
                        "elements": [
                            {
                                "type": "text",
                                "text": "We’ll probably look at Ray as a programming model on top, but we don’t plan to integrate with their runtime"
                            }
                        ]
                    }
                ]
            }
        ],
        "thread_ts": "1605629586.005000",
        "parent_user_id": "U01EP8RNY9L"
    },
    {
        "client_msg_id": "5d934d96-af60-434d-a7cf-b325f2b8a42d",
        "type": "message",
        "text": "Thanks :slightly_smiling_face:",
        "user": "U01EP8RNY9L",
        "ts": "1605629635.005700",
        "team": "T01ESRT4L21",
        "user_team": "T01ESRT4L21",
        "source_team": "T01ESRT4L21",
        "user_profile": {
            "avatar_hash": "g1680b8d7037",
            "image_72": "https:\/\/secure.gravatar.com\/avatar\/1680b8d703771a63458bb523e3d0dcf9.jpg?s=72&d=https%3A%2F%2Fa.slack-edge.com%2Fdf10d%2Fimg%2Favatars%2Fava_0026-72.png",
            "first_name": "",
            "real_name": "Jonathan Goldstein",
            "display_name": "Jonathan Goldstein",
            "team": "T01ESRT4L21",
            "name": "jongold",
            "is_restricted": false,
            "is_ultra_restricted": false
        },
        "blocks": [
            {
                "type": "rich_text",
                "block_id": "ABOUE",
                "elements": [
                    {
                        "type": "rich_text_section",
                        "elements": [
                            {
                                "type": "text",
                                "text": "Thanks "
                            },
                            {
                                "type": "emoji",
                                "name": "slightly_smiling_face"
                            }
                        ]
                    }
                ]
            }
        ],
        "thread_ts": "1605629586.005000",
        "parent_user_id": "U01EP8RNY9L"
    },
    {
        "client_msg_id": "23917de6-0f89-43ca-afbd-6e818c86c391",
        "type": "message",
        "text": "Can the gossip overhead get quadratically worse as you scale out?",
        "user": "U01EGU2HJ87",
        "ts": "1605630027.007500",
        "team": "T01ESRT4L21",
        "user_team": "T01ESRT4L21",
        "source_team": "T01ESRT4L21",
        "user_profile": {
            "avatar_hash": "g82daae7f2c0",
            "image_72": "https:\/\/secure.gravatar.com\/avatar\/82daae7f2c07b87d1be2f898e7fd984d.jpg?s=72&d=https%3A%2F%2Fa.slack-edge.com%2Fdf10d%2Fimg%2Favatars%2Fava_0011-72.png",
            "first_name": "",
            "real_name": "Badrish Chandramouli",
            "display_name": "Badrish Chandramouli",
            "team": "T01ESRT4L21",
            "name": "badrishc",
            "is_restricted": false,
            "is_ultra_restricted": false
        },
        "blocks": [
            {
                "type": "rich_text",
                "block_id": "uwrx",
                "elements": [
                    {
                        "type": "rich_text_section",
                        "elements": [
                            {
                                "type": "text",
                                "text": "Can the gossip overhead get quadratically worse as you scale out?"
                            }
                        ]
                    }
                ]
            }
        ],
        "thread_ts": "1605630027.007500",
        "reply_count": 1,
        "reply_users_count": 1,
        "latest_reply": "1605630097.008100",
        "reply_users": [
            "U01F23RNLA0"
        ],
        "replies": [
            {
                "user": "U01F23RNLA0",
                "ts": "1605630097.008100"
            }
        ],
        "subscribed": true,
        "last_read": "1605630097.008100"
    },
    {
        "client_msg_id": "56c665a0-88e0-4ffa-9b9e-7e369c7f6391",
        "type": "message",
        "text": "Does that imply timestamps in the cluster are synchronized?",
        "user": "U01EGU2HJ87",
        "ts": "1605630093.008000",
        "team": "T01ESRT4L21",
        "user_team": "T01ESRT4L21",
        "source_team": "T01ESRT4L21",
        "user_profile": {
            "avatar_hash": "g82daae7f2c0",
            "image_72": "https:\/\/secure.gravatar.com\/avatar\/82daae7f2c07b87d1be2f898e7fd984d.jpg?s=72&d=https%3A%2F%2Fa.slack-edge.com%2Fdf10d%2Fimg%2Favatars%2Fava_0011-72.png",
            "first_name": "",
            "real_name": "Badrish Chandramouli",
            "display_name": "Badrish Chandramouli",
            "team": "T01ESRT4L21",
            "name": "badrishc",
            "is_restricted": false,
            "is_ultra_restricted": false
        },
        "blocks": [
            {
                "type": "rich_text",
                "block_id": "pbu",
                "elements": [
                    {
                        "type": "rich_text_section",
                        "elements": [
                            {
                                "type": "text",
                                "text": "Does that imply timestamps in the cluster are synchronized?"
                            }
                        ]
                    }
                ]
            }
        ],
        "thread_ts": "1605630093.008000",
        "reply_count": 1,
        "reply_users_count": 1,
        "latest_reply": "1605630198.008400",
        "reply_users": [
            "U01F23RNLA0"
        ],
        "replies": [
            {
                "user": "U01F23RNLA0",
                "ts": "1605630198.008400"
            }
        ],
        "subscribed": true,
        "last_read": "1605630198.008400"
    },
    {
        "client_msg_id": "a5287607-d19c-457a-ba0b-d3b20ddc854f",
        "type": "message",
        "text": "Couple things:\n• If this were a problem, various overlays (e.g. tree-based) are simple solutions. Anna has a DHT under the covers that could support that naturally.\n• The use of lattices allows updates to be smaller — this is in the paper.",
        "user": "U01F23RNLA0",
        "ts": "1605630097.008100",
        "team": "T01ESRT4L21",
        "user_team": "T01ESRT4L21",
        "source_team": "T01ESRT4L21",
        "user_profile": {
            "avatar_hash": "4d348e9be4cd",
            "image_72": "https:\/\/avatars.slack-edge.com\/2020-11-16\/1491268124327_4d348e9be4cd013db6d3_72.jpg",
            "first_name": "Joe",
            "real_name": "Joe Hellerstein",
            "display_name": "Joe Hellerstein",
            "team": "T01ESRT4L21",
            "name": "hellerstein",
            "is_restricted": false,
            "is_ultra_restricted": false
        },
        "blocks": [
            {
                "type": "rich_text",
                "block_id": "CHCW",
                "elements": [
                    {
                        "type": "rich_text_section",
                        "elements": [
                            {
                                "type": "text",
                                "text": "Couple things:\n"
                            }
                        ]
                    },
                    {
                        "type": "rich_text_list",
                        "elements": [
                            {
                                "type": "rich_text_section",
                                "elements": [
                                    {
                                        "type": "text",
                                        "text": "If this were a problem, various overlays (e.g. tree-based) are simple solutions. Anna has a DHT under the covers that could support that naturally."
                                    }
                                ]
                            },
                            {
                                "type": "rich_text_section",
                                "elements": [
                                    {
                                        "type": "text",
                                        "text": "The use of lattices allows updates to be smaller — this is in the paper."
                                    }
                                ]
                            }
                        ],
                        "style": "bullet",
                        "indent": 0
                    }
                ]
            }
        ],
        "thread_ts": "1605630027.007500",
        "parent_user_id": "U01EGU2HJ87",
        "reactions": [
            {
                "name": "+1",
                "users": [
                    "U01EGU2HJ87"
                ],
                "count": 1
            }
        ]
    },
    {
        "client_msg_id": "469a8843-797c-4348-bee8-182117f18641",
        "type": "message",
        "text": "No, that’s not required. It’s consistency-level dependent, but LWW is (as in most systems) pretty wildly inconsistent and depends on local clocks. For stronger levels like causal, the lattice composition can carry local clocks around — i.e. vector clocks or Lamport clocks.",
        "user": "U01F23RNLA0",
        "ts": "1605630198.008400",
        "team": "T01ESRT4L21",
        "user_team": "T01ESRT4L21",
        "source_team": "T01ESRT4L21",
        "user_profile": {
            "avatar_hash": "4d348e9be4cd",
            "image_72": "https:\/\/avatars.slack-edge.com\/2020-11-16\/1491268124327_4d348e9be4cd013db6d3_72.jpg",
            "first_name": "Joe",
            "real_name": "Joe Hellerstein",
            "display_name": "Joe Hellerstein",
            "team": "T01ESRT4L21",
            "name": "hellerstein",
            "is_restricted": false,
            "is_ultra_restricted": false
        },
        "blocks": [
            {
                "type": "rich_text",
                "block_id": "l+xQj",
                "elements": [
                    {
                        "type": "rich_text_section",
                        "elements": [
                            {
                                "type": "text",
                                "text": "No, that’s not required. It’s consistency-level dependent, but LWW is (as in most systems) pretty wildly inconsistent and depends on local clocks. For stronger levels like causal, the lattice composition can carry local clocks around — i.e. vector clocks or Lamport clocks."
                            }
                        ]
                    }
                ]
            }
        ],
        "thread_ts": "1605630093.008000",
        "parent_user_id": "U01EGU2HJ87",
        "reactions": [
            {
                "name": "+1",
                "users": [
                    "U01EGU2HJ87"
                ],
                "count": 1
            }
        ]
    },
    {
        "client_msg_id": "fbd661b9-b849-4cd6-9d99-a193cd7f4224",
        "type": "message",
        "text": "How \"efficient\" are the lattice-based approaches in terms of 1) metadata that you have to store (for ex for causal consistency, most of the challenges in existing system is addressing metadata growth) 2) how fine-grained they are with what they describe as \"causally related\".",
        "user": "U01EH0F9XCP",
        "ts": "1605630267.009900",
        "team": "T01ESRT4L21",
        "user_team": "T01ESRT4L21",
        "source_team": "T01ESRT4L21",
        "user_profile": {
            "avatar_hash": "eac21241e039",
            "image_72": "https:\/\/avatars.slack-edge.com\/2020-11-17\/1507962693619_eac21241e0395cc1102b_72.png",
            "first_name": "",
            "real_name": "Natacha Crooks",
            "display_name": "Natacha Crooks",
            "team": "T01ESRT4L21",
            "name": "ncrooks",
            "is_restricted": false,
            "is_ultra_restricted": false
        },
        "blocks": [
            {
                "type": "rich_text",
                "block_id": "+vuuo",
                "elements": [
                    {
                        "type": "rich_text_section",
                        "elements": [
                            {
                                "type": "text",
                                "text": "How \"efficient\" are the lattice-based approaches in terms of 1) metadata that you have to store (for ex for causal consistency, most of the challenges in existing system is addressing metadata growth) 2) how fine-grained they are with what they describe as \"causally related\"."
                            }
                        ]
                    }
                ]
            }
        ],
        "thread_ts": "1605630267.009900",
        "reply_count": 2,
        "reply_users_count": 1,
        "latest_reply": "1605630646.011700",
        "reply_users": [
            "U01F23RNLA0"
        ],
        "replies": [
            {
                "user": "U01F23RNLA0",
                "ts": "1605630394.010700"
            },
            {
                "user": "U01F23RNLA0",
                "ts": "1605630646.011700"
            }
        ],
        "subscribed": true,
        "last_read": "1605630646.011700"
    },
    {
        "client_msg_id": "a468613d-9eaf-4ba1-876d-b8b2b859600c",
        "type": "message",
        "text": "<@U01EGU2HJ87> will you be talking about FASTER?",
        "user": "U01F23RNLA0",
        "ts": "1605630274.010100",
        "team": "T01ESRT4L21",
        "user_team": "T01ESRT4L21",
        "source_team": "T01ESRT4L21",
        "user_profile": {
            "avatar_hash": "4d348e9be4cd",
            "image_72": "https:\/\/avatars.slack-edge.com\/2020-11-16\/1491268124327_4d348e9be4cd013db6d3_72.jpg",
            "first_name": "Joe",
            "real_name": "Joe Hellerstein",
            "display_name": "Joe Hellerstein",
            "team": "T01ESRT4L21",
            "name": "hellerstein",
            "is_restricted": false,
            "is_ultra_restricted": false
        },
        "blocks": [
            {
                "type": "rich_text",
                "block_id": "GAK",
                "elements": [
                    {
                        "type": "rich_text_section",
                        "elements": [
                            {
                                "type": "user",
                                "user_id": "U01EGU2HJ87"
                            },
                            {
                                "type": "text",
                                "text": " will you be talking about FASTER?"
                            }
                        ]
                    }
                ]
            }
        ],
        "thread_ts": "1605630274.010100",
        "reply_count": 2,
        "reply_users_count": 2,
        "latest_reply": "1605630346.010400",
        "reply_users": [
            "U01EGU2HJ87",
            "U01F23RNLA0"
        ],
        "replies": [
            {
                "user": "U01EGU2HJ87",
                "ts": "1605630328.010200"
            },
            {
                "user": "U01F23RNLA0",
                "ts": "1605630346.010400"
            }
        ],
        "subscribed": true,
        "last_read": "1605630346.010400"
    },
    {
        "client_msg_id": "1feff05e-8b32-43f5-a92d-c94e3cdc2f7e",
        "type": "message",
        "text": "Yes, I will cover FASTER and overview its distributed extension as well.",
        "user": "U01EGU2HJ87",
        "ts": "1605630328.010200",
        "team": "T01ESRT4L21",
        "user_team": "T01ESRT4L21",
        "source_team": "T01ESRT4L21",
        "user_profile": {
            "avatar_hash": "g82daae7f2c0",
            "image_72": "https:\/\/secure.gravatar.com\/avatar\/82daae7f2c07b87d1be2f898e7fd984d.jpg?s=72&d=https%3A%2F%2Fa.slack-edge.com%2Fdf10d%2Fimg%2Favatars%2Fava_0011-72.png",
            "first_name": "",
            "real_name": "Badrish Chandramouli",
            "display_name": "Badrish Chandramouli",
            "team": "T01ESRT4L21",
            "name": "badrishc",
            "is_restricted": false,
            "is_ultra_restricted": false
        },
        "blocks": [
            {
                "type": "rich_text",
                "block_id": "0fq",
                "elements": [
                    {
                        "type": "rich_text_section",
                        "elements": [
                            {
                                "type": "text",
                                "text": "Yes, I will cover FASTER and overview its distributed extension as well."
                            }
                        ]
                    }
                ]
            }
        ],
        "thread_ts": "1605630274.010100",
        "parent_user_id": "U01F23RNLA0"
    },
    {
        "client_msg_id": "fbbdab8b-c1d9-4dbe-91c7-06040baaaf85",
        "type": "message",
        "text": "Awesome. Will be fun to have Anna and FASTER discussed side by side.",
        "user": "U01F23RNLA0",
        "ts": "1605630346.010400",
        "team": "T01ESRT4L21",
        "user_team": "T01ESRT4L21",
        "source_team": "T01ESRT4L21",
        "user_profile": {
            "avatar_hash": "4d348e9be4cd",
            "image_72": "https:\/\/avatars.slack-edge.com\/2020-11-16\/1491268124327_4d348e9be4cd013db6d3_72.jpg",
            "first_name": "Joe",
            "real_name": "Joe Hellerstein",
            "display_name": "Joe Hellerstein",
            "team": "T01ESRT4L21",
            "name": "hellerstein",
            "is_restricted": false,
            "is_ultra_restricted": false
        },
        "blocks": [
            {
                "type": "rich_text",
                "block_id": "ag4",
                "elements": [
                    {
                        "type": "rich_text_section",
                        "elements": [
                            {
                                "type": "text",
                                "text": "Awesome. Will be fun to have Anna and FASTER discussed side by side."
                            }
                        ]
                    }
                ]
            }
        ],
        "thread_ts": "1605630274.010100",
        "parent_user_id": "U01F23RNLA0",
        "reactions": [
            {
                "name": "+1",
                "users": [
                    "U01EGU2HJ87"
                ],
                "count": 1
            }
        ]
    },
    {
        "client_msg_id": "3e8233e2-bb0d-4fac-b181-1ff09a6b67de",
        "type": "message",
        "text": "As efficient as you make them?",
        "user": "U01F23RNLA0",
        "ts": "1605630394.010700",
        "team": "T01ESRT4L21",
        "user_team": "T01ESRT4L21",
        "source_team": "T01ESRT4L21",
        "user_profile": {
            "avatar_hash": "4d348e9be4cd",
            "image_72": "https:\/\/avatars.slack-edge.com\/2020-11-16\/1491268124327_4d348e9be4cd013db6d3_72.jpg",
            "first_name": "Joe",
            "real_name": "Joe Hellerstein",
            "display_name": "Joe Hellerstein",
            "team": "T01ESRT4L21",
            "name": "hellerstein",
            "is_restricted": false,
            "is_ultra_restricted": false
        },
        "blocks": [
            {
                "type": "rich_text",
                "block_id": "nDrz",
                "elements": [
                    {
                        "type": "rich_text_section",
                        "elements": [
                            {
                                "type": "text",
                                "text": "As efficient as you make them?"
                            }
                        ]
                    }
                ]
            }
        ],
        "thread_ts": "1605630267.009900",
        "parent_user_id": "U01EH0F9XCP"
    },
    {
        "client_msg_id": "58cb8b5b-cab0-4f3a-a26c-a918c9bbd4a2",
        "type": "message",
        "text": "Interesting tie in to Shrink (Goal oriented optimization)",
        "user": "U01EP8RNY9L",
        "ts": "1605630512.011200",
        "team": "T01ESRT4L21",
        "user_team": "T01ESRT4L21",
        "source_team": "T01ESRT4L21",
        "user_profile": {
            "avatar_hash": "g1680b8d7037",
            "image_72": "https:\/\/secure.gravatar.com\/avatar\/1680b8d703771a63458bb523e3d0dcf9.jpg?s=72&d=https%3A%2F%2Fa.slack-edge.com%2Fdf10d%2Fimg%2Favatars%2Fava_0026-72.png",
            "first_name": "",
            "real_name": "Jonathan Goldstein",
            "display_name": "Jonathan Goldstein",
            "team": "T01ESRT4L21",
            "name": "jongold",
            "is_restricted": false,
            "is_ultra_restricted": false
        },
        "blocks": [
            {
                "type": "rich_text",
                "block_id": "a\/n",
                "elements": [
                    {
                        "type": "rich_text_section",
                        "elements": [
                            {
                                "type": "text",
                                "text": "Interesting tie in to Shrink (Goal oriented optimization)"
                            }
                        ]
                    }
                ]
            }
        ]
    },
    {
        "client_msg_id": "da39134a-ed89-40d7-8834-fd30631b3b2c",
        "type": "message",
        "text": "Are these models or measurements?",
        "user": "U01EP8RNY9L",
        "ts": "1605630610.011400",
        "team": "T01ESRT4L21",
        "user_team": "T01ESRT4L21",
        "source_team": "T01ESRT4L21",
        "user_profile": {
            "avatar_hash": "g1680b8d7037",
            "image_72": "https:\/\/secure.gravatar.com\/avatar\/1680b8d703771a63458bb523e3d0dcf9.jpg?s=72&d=https%3A%2F%2Fa.slack-edge.com%2Fdf10d%2Fimg%2Favatars%2Fava_0026-72.png",
            "first_name": "",
            "real_name": "Jonathan Goldstein",
            "display_name": "Jonathan Goldstein",
            "team": "T01ESRT4L21",
            "name": "jongold",
            "is_restricted": false,
            "is_ultra_restricted": false
        },
        "blocks": [
            {
                "type": "rich_text",
                "block_id": "ACz",
                "elements": [
                    {
                        "type": "rich_text_section",
                        "elements": [
                            {
                                "type": "text",
                                "text": "Are these models or measurements?"
                            }
                        ]
                    }
                ]
            }
        ],
        "thread_ts": "1605630610.011400",
        "reply_count": 1,
        "reply_users_count": 1,
        "latest_reply": "1605630625.011500",
        "reply_users": [
            "U01F23RNLA0"
        ],
        "replies": [
            {
                "user": "U01F23RNLA0",
                "ts": "1605630625.011500"
            }
        ],
        "subscribed": true,
        "last_read": "1605630625.011500"
    },
    {
        "client_msg_id": "a9b4fa94-09b4-4d8f-b5ed-5a134183b7aa",
        "type": "message",
        "text": "measurements on AWS",
        "user": "U01F23RNLA0",
        "ts": "1605630625.011500",
        "team": "T01ESRT4L21",
        "user_team": "T01ESRT4L21",
        "source_team": "T01ESRT4L21",
        "user_profile": {
            "avatar_hash": "4d348e9be4cd",
            "image_72": "https:\/\/avatars.slack-edge.com\/2020-11-16\/1491268124327_4d348e9be4cd013db6d3_72.jpg",
            "first_name": "Joe",
            "real_name": "Joe Hellerstein",
            "display_name": "Joe Hellerstein",
            "team": "T01ESRT4L21",
            "name": "hellerstein",
            "is_restricted": false,
            "is_ultra_restricted": false
        },
        "blocks": [
            {
                "type": "rich_text",
                "block_id": "DuF",
                "elements": [
                    {
                        "type": "rich_text_section",
                        "elements": [
                            {
                                "type": "text",
                                "text": "measurements on AWS"
                            }
                        ]
                    }
                ]
            }
        ],
        "thread_ts": "1605630610.011400",
        "parent_user_id": "U01EP8RNY9L"
    },
    {
        "client_msg_id": "8dfb3a42-42f0-4ab3-bb7a-3aff66a89e84",
        "type": "message",
        "text": "That’s a bit flip, I know. But we’ve done vector clocks and dependency graphs; both are lattices and they have tradeoffs depending on workload. I don’t think it’s hard to cast typical causal metadata into lattice structures.",
        "user": "U01F23RNLA0",
        "ts": "1605630646.011700",
        "team": "T01ESRT4L21",
        "user_team": "T01ESRT4L21",
        "source_team": "T01ESRT4L21",
        "user_profile": {
            "avatar_hash": "4d348e9be4cd",
            "image_72": "https:\/\/avatars.slack-edge.com\/2020-11-16\/1491268124327_4d348e9be4cd013db6d3_72.jpg",
            "first_name": "Joe",
            "real_name": "Joe Hellerstein",
            "display_name": "Joe Hellerstein",
            "team": "T01ESRT4L21",
            "name": "hellerstein",
            "is_restricted": false,
            "is_ultra_restricted": false
        },
        "blocks": [
            {
                "type": "rich_text",
                "block_id": "WRmy",
                "elements": [
                    {
                        "type": "rich_text_section",
                        "elements": [
                            {
                                "type": "text",
                                "text": "That’s a bit flip, I know. But we’ve done vector clocks and dependency graphs; both are lattices and they have tradeoffs depending on workload. I don’t think it’s hard to cast typical causal metadata into lattice structures."
                            }
                        ]
                    }
                ]
            }
        ],
        "thread_ts": "1605630267.009900",
        "parent_user_id": "U01EH0F9XCP"
    },
    {
        "client_msg_id": "0f8e30cc-67a1-42d6-95e0-eec9b2839676",
        "type": "message",
        "text": "Hey <@U01EXTKFQ2X> In your Cloudburst example, what is the argument to `call_dag`? In particular what is the string `incr`?",
        "user": "U01F23RNLA0",
        "ts": "1605631073.012500",
        "team": "T01ESRT4L21",
        "user_team": "T01ESRT4L21",
        "source_team": "T01ESRT4L21",
        "user_profile": {
            "avatar_hash": "4d348e9be4cd",
            "image_72": "https:\/\/avatars.slack-edge.com\/2020-11-16\/1491268124327_4d348e9be4cd013db6d3_72.jpg",
            "first_name": "Joe",
            "real_name": "Joe Hellerstein",
            "display_name": "Joe Hellerstein",
            "team": "T01ESRT4L21",
            "name": "hellerstein",
            "is_restricted": false,
            "is_ultra_restricted": false
        },
        "blocks": [
            {
                "type": "rich_text",
                "block_id": "yBk55",
                "elements": [
                    {
                        "type": "rich_text_section",
                        "elements": [
                            {
                                "type": "text",
                                "text": "Hey "
                            },
                            {
                                "type": "user",
                                "user_id": "U01EXTKFQ2X"
                            },
                            {
                                "type": "text",
                                "text": " In your Cloudburst example, what is the argument to "
                            },
                            {
                                "type": "text",
                                "text": "call_dag",
                                "style": {
                                    "code": true
                                }
                            },
                            {
                                "type": "text",
                                "text": "? In particular what is the string "
                            },
                            {
                                "type": "text",
                                "text": "incr",
                                "style": {
                                    "code": true
                                }
                            },
                            {
                                "type": "text",
                                "text": "?"
                            }
                        ]
                    }
                ]
            }
        ],
        "thread_ts": "1605631073.012500",
        "reply_count": 10,
        "reply_users_count": 5,
        "latest_reply": "1605632391.018700",
        "reply_users": [
            "U01EPA7K83Y",
            "U01EST0RQAZ",
            "U01F23RNLA0",
            "U01EW5L8EQ2",
            "U01EXTKFQ2X"
        ],
        "replies": [
            {
                "user": "U01EPA7K83Y",
                "ts": "1605631106.012600"
            },
            {
                "user": "U01EST0RQAZ",
                "ts": "1605631108.012800"
            },
            {
                "user": "U01F23RNLA0",
                "ts": "1605631124.013100"
            },
            {
                "user": "U01EW5L8EQ2",
                "ts": "1605631277.013900"
            },
            {
                "user": "U01EXTKFQ2X",
                "ts": "1605632085.017400"
            },
            {
                "user": "U01F23RNLA0",
                "ts": "1605632103.017600"
            },
            {
                "user": "U01EXTKFQ2X",
                "ts": "1605632153.018000"
            },
            {
                "user": "U01EXTKFQ2X",
                "ts": "1605632170.018200"
            },
            {
                "user": "U01F23RNLA0",
                "ts": "1605632206.018400"
            },
            {
                "user": "U01EXTKFQ2X",
                "ts": "1605632391.018700"
            }
        ],
        "subscribed": true,
        "last_read": "1605632391.018700"
    },
    {
        "client_msg_id": "a66acca8-38ce-4233-8933-e3dcd499a1de",
        "type": "message",
        "text": "I think that just refers to the increment lambda?",
        "user": "U01EPA7K83Y",
        "ts": "1605631106.012600",
        "team": "T01ESRT4L21",
        "user_team": "T01ESRT4L21",
        "source_team": "T01ESRT4L21",
        "user_profile": {
            "avatar_hash": "cf0088bb5a4d",
            "image_72": "https:\/\/avatars.slack-edge.com\/2020-11-16\/1499347740614_cf0088bb5a4d7c50e844_72.jpg",
            "first_name": "",
            "real_name": "David Chu",
            "display_name": "David Chu",
            "team": "T01ESRT4L21",
            "name": "thedavidchu",
            "is_restricted": false,
            "is_ultra_restricted": false
        },
        "blocks": [
            {
                "type": "rich_text",
                "block_id": "XeNU",
                "elements": [
                    {
                        "type": "rich_text_section",
                        "elements": [
                            {
                                "type": "text",
                                "text": "I think that just refers to the increment lambda?"
                            }
                        ]
                    }
                ]
            }
        ],
        "thread_ts": "1605631073.012500",
        "parent_user_id": "U01F23RNLA0",
        "reactions": [
            {
                "name": "+1",
                "users": [
                    "U01EST0RQAZ"
                ],
                "count": 1
            }
        ]
    },
    {
        "client_msg_id": "c2b8b9d3-8e11-4665-a90a-d4ba2e6d3cd4",
        "type": "message",
        "text": "I believe `incr` refers to a registered function in Cloudburst",
        "user": "U01EST0RQAZ",
        "ts": "1605631108.012800",
        "team": "T01ESRT4L21",
        "user_team": "T01ESRT4L21",
        "source_team": "T01ESRT4L21",
        "user_profile": {
            "avatar_hash": "g150d8d690ef",
            "image_72": "https:\/\/secure.gravatar.com\/avatar\/150d8d690ef16db815eca30315c3e5e4.jpg?s=72&d=https%3A%2F%2Fa.slack-edge.com%2Fdf10d%2Fimg%2Favatars%2Fava_0005-72.png",
            "first_name": "",
            "real_name": "Kaushik Shivakumar",
            "display_name": "Kaushik Shivakumar",
            "team": "T01ESRT4L21",
            "name": "kaushiks",
            "is_restricted": false,
            "is_ultra_restricted": false
        },
        "blocks": [
            {
                "type": "rich_text",
                "block_id": "m4lsk",
                "elements": [
                    {
                        "type": "rich_text_section",
                        "elements": [
                            {
                                "type": "text",
                                "text": "I believe "
                            },
                            {
                                "type": "text",
                                "text": "incr",
                                "style": {
                                    "code": true
                                }
                            },
                            {
                                "type": "text",
                                "text": " refers to a registered function in Cloudburst"
                            }
                        ]
                    }
                ]
            }
        ],
        "thread_ts": "1605631073.012500",
        "parent_user_id": "U01F23RNLA0"
    },
    {
        "client_msg_id": "28da69bd-9962-4cf8-9441-35506dde8d15",
        "type": "message",
        "text": "was it a typo?",
        "user": "U01F23RNLA0",
        "ts": "1605631124.013100",
        "team": "T01ESRT4L21",
        "user_team": "T01ESRT4L21",
        "source_team": "T01ESRT4L21",
        "user_profile": {
            "avatar_hash": "4d348e9be4cd",
            "image_72": "https:\/\/avatars.slack-edge.com\/2020-11-16\/1491268124327_4d348e9be4cd013db6d3_72.jpg",
            "first_name": "Joe",
            "real_name": "Joe Hellerstein",
            "display_name": "Joe Hellerstein",
            "team": "T01ESRT4L21",
            "name": "hellerstein",
            "is_restricted": false,
            "is_ultra_restricted": false
        },
        "blocks": [
            {
                "type": "rich_text",
                "block_id": "Qt\/4V",
                "elements": [
                    {
                        "type": "rich_text_section",
                        "elements": [
                            {
                                "type": "text",
                                "text": "was it a typo?"
                            }
                        ]
                    }
                ]
            }
        ],
        "thread_ts": "1605631073.012500",
        "parent_user_id": "U01F23RNLA0"
    },
    {
        "client_msg_id": "51bc8bc6-5337-4470-b99c-331eca986f26",
        "type": "message",
        "text": "Worth noting that a student here at Berkeley has been working with one of the other RISELab sponsors on a RAMP implementation for their internal database.",
        "user": "U01F23RNLA0",
        "ts": "1605631202.013800",
        "team": "T01ESRT4L21",
        "user_team": "T01ESRT4L21",
        "source_team": "T01ESRT4L21",
        "user_profile": {
            "avatar_hash": "4d348e9be4cd",
            "image_72": "https:\/\/avatars.slack-edge.com\/2020-11-16\/1491268124327_4d348e9be4cd013db6d3_72.jpg",
            "first_name": "Joe",
            "real_name": "Joe Hellerstein",
            "display_name": "Joe Hellerstein",
            "team": "T01ESRT4L21",
            "name": "hellerstein",
            "is_restricted": false,
            "is_ultra_restricted": false
        },
        "blocks": [
            {
                "type": "rich_text",
                "block_id": "9bc",
                "elements": [
                    {
                        "type": "rich_text_section",
                        "elements": [
                            {
                                "type": "text",
                                "text": "Worth noting that a student here at Berkeley has been working with one of the other RISELab sponsors on a RAMP implementation for their internal database."
                            }
                        ]
                    }
                ]
            }
        ]
    },
    {
        "client_msg_id": "c165c225-3d6c-4995-9020-2deabd3be9c1",
        "type": "message",
        "text": "I think on the register function call the incr argument was missing",
        "user": "U01EW5L8EQ2",
        "ts": "1605631277.013900",
        "team": "T01ESRT4L21",
        "user_team": "T01ESRT4L21",
        "source_team": "T01ESRT4L21",
        "user_profile": {
            "avatar_hash": "8cbdec4e4427",
            "image_72": "https:\/\/avatars.slack-edge.com\/2020-11-16\/1503102278533_8cbdec4e44275d226a84_72.jpg",
            "first_name": "",
            "real_name": "Aditya Ramkumar",
            "display_name": "Aditya Ramkumar",
            "team": "T01ESRT4L21",
            "name": "aditya.ramkumar",
            "is_restricted": false,
            "is_ultra_restricted": false
        },
        "blocks": [
            {
                "type": "rich_text",
                "block_id": "J49",
                "elements": [
                    {
                        "type": "rich_text_section",
                        "elements": [
                            {
                                "type": "text",
                                "text": "I think on the register function call the incr argument was missing"
                            }
                        ]
                    }
                ]
            }
        ],
        "thread_ts": "1605631073.012500",
        "parent_user_id": "U01F23RNLA0"
    },
    {
        "client_msg_id": "07e6907c-8638-4b02-899d-9ec03b5beb21",
        "type": "message",
        "text": "FYI … the student who built the serverless Jupyter work, Charles Lin, spent last summer at MSR with Jose Faleiro working on related things. I haven’t checked in with Jose since July or so though.",
        "user": "U01F23RNLA0",
        "ts": "1605631344.015000",
        "team": "T01ESRT4L21",
        "user_team": "T01ESRT4L21",
        "source_team": "T01ESRT4L21",
        "user_profile": {
            "avatar_hash": "4d348e9be4cd",
            "image_72": "https:\/\/avatars.slack-edge.com\/2020-11-16\/1491268124327_4d348e9be4cd013db6d3_72.jpg",
            "first_name": "Joe",
            "real_name": "Joe Hellerstein",
            "display_name": "Joe Hellerstein",
            "team": "T01ESRT4L21",
            "name": "hellerstein",
            "is_restricted": false,
            "is_ultra_restricted": false
        },
        "blocks": [
            {
                "type": "rich_text",
                "block_id": "VAb4m",
                "elements": [
                    {
                        "type": "rich_text_section",
                        "elements": [
                            {
                                "type": "text",
                                "text": "FYI … the student who built the serverless Jupyter work, Charles Lin, spent last summer at MSR with Jose Faleiro working on related things. I haven’t checked in with Jose since July or so though."
                            }
                        ]
                    }
                ]
            }
        ]
    },
    {
        "client_msg_id": "a326815c-b18a-47ee-b7d4-0e59d40fe848",
        "type": "message",
        "text": "He may be joining us today :slightly_smiling_face:",
        "user": "U01EP8RNY9L",
        "ts": "1605631381.015300",
        "team": "T01ESRT4L21",
        "user_team": "T01ESRT4L21",
        "source_team": "T01ESRT4L21",
        "user_profile": {
            "avatar_hash": "g1680b8d7037",
            "image_72": "https:\/\/secure.gravatar.com\/avatar\/1680b8d703771a63458bb523e3d0dcf9.jpg?s=72&d=https%3A%2F%2Fa.slack-edge.com%2Fdf10d%2Fimg%2Favatars%2Fava_0026-72.png",
            "first_name": "",
            "real_name": "Jonathan Goldstein",
            "display_name": "Jonathan Goldstein",
            "team": "T01ESRT4L21",
            "name": "jongold",
            "is_restricted": false,
            "is_ultra_restricted": false
        },
        "blocks": [
            {
                "type": "rich_text",
                "block_id": "cBKf",
                "elements": [
                    {
                        "type": "rich_text_section",
                        "elements": [
                            {
                                "type": "text",
                                "text": "He may be joining us today "
                            },
                            {
                                "type": "emoji",
                                "name": "slightly_smiling_face"
                            }
                        ]
                    }
                ]
            }
        ],
        "thread_ts": "1605631381.015300",
        "reply_count": 2,
        "reply_users_count": 2,
        "latest_reply": "1605632104.017800",
        "reply_users": [
            "U01F23RNLA0",
            "U01EGU2HJ87"
        ],
        "replies": [
            {
                "user": "U01F23RNLA0",
                "ts": "1605631405.015800"
            },
            {
                "user": "U01EGU2HJ87",
                "ts": "1605632104.017800"
            }
        ],
        "subscribed": true,
        "last_read": "1605631405.015800"
    },
    {
        "client_msg_id": "ff8d8f3a-b43c-4d07-8e4d-57489f38e99c",
        "type": "message",
        "text": "Doh! I should have reached out to him directly, I feel like an idiot!",
        "user": "U01F23RNLA0",
        "ts": "1605631405.015800",
        "team": "T01ESRT4L21",
        "user_team": "T01ESRT4L21",
        "source_team": "T01ESRT4L21",
        "user_profile": {
            "avatar_hash": "4d348e9be4cd",
            "image_72": "https:\/\/avatars.slack-edge.com\/2020-11-16\/1491268124327_4d348e9be4cd013db6d3_72.jpg",
            "first_name": "Joe",
            "real_name": "Joe Hellerstein",
            "display_name": "Joe Hellerstein",
            "team": "T01ESRT4L21",
            "name": "hellerstein",
            "is_restricted": false,
            "is_ultra_restricted": false
        },
        "blocks": [
            {
                "type": "rich_text",
                "block_id": "og54",
                "elements": [
                    {
                        "type": "rich_text_section",
                        "elements": [
                            {
                                "type": "text",
                                "text": "Doh! I should have reached out to him directly, I feel like an idiot!"
                            }
                        ]
                    }
                ]
            }
        ],
        "thread_ts": "1605631381.015300",
        "parent_user_id": "U01EP8RNY9L"
    },
    {
        "client_msg_id": "d0e71833-d2cd-4c82-90e9-e1a51957ec3d",
        "type": "message",
        "text": "No worries. He's planning on joining us when he's able :slightly_smiling_face:",
        "user": "U01EP8RNY9L",
        "ts": "1605631434.016600",
        "team": "T01ESRT4L21",
        "user_team": "T01ESRT4L21",
        "source_team": "T01ESRT4L21",
        "user_profile": {
            "avatar_hash": "g1680b8d7037",
            "image_72": "https:\/\/secure.gravatar.com\/avatar\/1680b8d703771a63458bb523e3d0dcf9.jpg?s=72&d=https%3A%2F%2Fa.slack-edge.com%2Fdf10d%2Fimg%2Favatars%2Fava_0026-72.png",
            "first_name": "",
            "real_name": "Jonathan Goldstein",
            "display_name": "Jonathan Goldstein",
            "team": "T01ESRT4L21",
            "name": "jongold",
            "is_restricted": false,
            "is_ultra_restricted": false
        },
        "blocks": [
            {
                "type": "rich_text",
                "block_id": "hfFLZ",
                "elements": [
                    {
                        "type": "rich_text_section",
                        "elements": [
                            {
                                "type": "text",
                                "text": "No worries. He's planning on joining us when he's able "
                            },
                            {
                                "type": "emoji",
                                "name": "slightly_smiling_face"
                            }
                        ]
                    }
                ]
            }
        ]
    },
    {
        "client_msg_id": "29953167-5cd2-43b0-b966-15ea4a323663",
        "type": "message",
        "text": "```cloud = CloudburstClient(ADDRESS, MY_IP)\ncloud.register(lambda x: x ** 2, 'square')\ncloud.register(lambda x: x + 1, 'increment')\ncloud.register_dag(['increment', 'square'])\n\ncloud.call_dag({'incr': 1})\n&gt;&gt;&gt; 4```\nWhere is the typo?",
        "user": "U01EXTKFQ2X",
        "ts": "1605632085.017400",
        "team": "T01ESRT4L21",
        "user_team": "T01ESRT4L21",
        "source_team": "T01ESRT4L21",
        "user_profile": {
            "avatar_hash": "gf161906b0a4",
            "image_72": "https:\/\/secure.gravatar.com\/avatar\/f161906b0a44871a875cceb170a554a8.jpg?s=72&d=https%3A%2F%2Fa.slack-edge.com%2Fdf10d%2Fimg%2Favatars%2Fava_0012-72.png",
            "first_name": "",
            "real_name": "Chenggang Wu",
            "display_name": "Chenggang Wu",
            "team": "T01ESRT4L21",
            "name": "cgwu",
            "is_restricted": false,
            "is_ultra_restricted": false
        },
        "blocks": [
            {
                "type": "rich_text",
                "block_id": "sVnm",
                "elements": [
                    {
                        "type": "rich_text_preformatted",
                        "elements": [
                            {
                                "type": "text",
                                "text": "cloud = CloudburstClient(ADDRESS, MY_IP)\ncloud.register(lambda x: x ** 2, 'square')\ncloud.register(lambda x: x + 1, 'increment')\ncloud.register_dag(['increment', 'square'])\n\ncloud.call_dag({'incr': 1})\n>>> 4"
                            }
                        ]
                    },
                    {
                        "type": "rich_text_section",
                        "elements": [
                            {
                                "type": "text",
                                "text": "Where is the typo?"
                            }
                        ]
                    }
                ]
            }
        ],
        "thread_ts": "1605631073.012500",
        "parent_user_id": "U01F23RNLA0"
    },
    {
        "client_msg_id": "69be3ce6-67a2-44ee-b754-2bdf66b5fe15",
        "type": "message",
        "text": "what is `incr`?",
        "user": "U01F23RNLA0",
        "ts": "1605632103.017600",
        "team": "T01ESRT4L21",
        "user_team": "T01ESRT4L21",
        "source_team": "T01ESRT4L21",
        "user_profile": {
            "avatar_hash": "4d348e9be4cd",
            "image_72": "https:\/\/avatars.slack-edge.com\/2020-11-16\/1491268124327_4d348e9be4cd013db6d3_72.jpg",
            "first_name": "Joe",
            "real_name": "Joe Hellerstein",
            "display_name": "Joe Hellerstein",
            "team": "T01ESRT4L21",
            "name": "hellerstein",
            "is_restricted": false,
            "is_ultra_restricted": false
        },
        "blocks": [
            {
                "type": "rich_text",
                "block_id": "gxvM9",
                "elements": [
                    {
                        "type": "rich_text_section",
                        "elements": [
                            {
                                "type": "text",
                                "text": "what is "
                            },
                            {
                                "type": "text",
                                "text": "incr",
                                "style": {
                                    "code": true
                                }
                            },
                            {
                                "type": "text",
                                "text": "?"
                            }
                        ]
                    }
                ]
            }
        ],
        "thread_ts": "1605631073.012500",
        "parent_user_id": "U01F23RNLA0"
    },
    {
        "client_msg_id": "d7f4e751-1cc9-4012-b187-eecb2c045f1e",
        "type": "message",
        "text": "I think he is already on the call",
        "user": "U01EGU2HJ87",
        "ts": "1605632104.017800",
        "team": "T01ESRT4L21",
        "user_team": "T01ESRT4L21",
        "source_team": "T01ESRT4L21",
        "user_profile": {
            "avatar_hash": "g82daae7f2c0",
            "image_72": "https:\/\/secure.gravatar.com\/avatar\/82daae7f2c07b87d1be2f898e7fd984d.jpg?s=72&d=https%3A%2F%2Fa.slack-edge.com%2Fdf10d%2Fimg%2Favatars%2Fava_0011-72.png",
            "first_name": "",
            "real_name": "Badrish Chandramouli",
            "display_name": "Badrish Chandramouli",
            "team": "T01ESRT4L21",
            "name": "badrishc",
            "is_restricted": false,
            "is_ultra_restricted": false
        },
        "blocks": [
            {
                "type": "rich_text",
                "block_id": "rrNAx",
                "elements": [
                    {
                        "type": "rich_text_section",
                        "elements": [
                            {
                                "type": "text",
                                "text": "I think he is already on the call"
                            }
                        ]
                    }
                ]
            }
        ],
        "thread_ts": "1605631381.015300",
        "parent_user_id": "U01EP8RNY9L"
    },
    {
        "client_msg_id": "28c5d4fd-ef1a-48ca-a90c-586dd38331a3",
        "type": "message",
        "text": "ah ic, should be `cloud.register_dag('incr', ['increment', 'square'])`",
        "user": "U01EXTKFQ2X",
        "ts": "1605632153.018000",
        "team": "T01ESRT4L21",
        "user_team": "T01ESRT4L21",
        "source_team": "T01ESRT4L21",
        "user_profile": {
            "avatar_hash": "gf161906b0a4",
            "image_72": "https:\/\/secure.gravatar.com\/avatar\/f161906b0a44871a875cceb170a554a8.jpg?s=72&d=https%3A%2F%2Fa.slack-edge.com%2Fdf10d%2Fimg%2Favatars%2Fava_0012-72.png",
            "first_name": "",
            "real_name": "Chenggang Wu",
            "display_name": "Chenggang Wu",
            "team": "T01ESRT4L21",
            "name": "cgwu",
            "is_restricted": false,
            "is_ultra_restricted": false
        },
        "blocks": [
            {
                "type": "rich_text",
                "block_id": "R65bp",
                "elements": [
                    {
                        "type": "rich_text_section",
                        "elements": [
                            {
                                "type": "text",
                                "text": "ah ic, should be "
                            },
                            {
                                "type": "text",
                                "text": "cloud.register_dag('incr', ['increment', 'square'])",
                                "style": {
                                    "code": true
                                }
                            }
                        ]
                    }
                ]
            }
        ],
        "thread_ts": "1605631073.012500",
        "parent_user_id": "U01F23RNLA0"
    },
    {
        "client_msg_id": "663ecd9e-bdd2-4fea-acf3-a65b3d0482e7",
        "type": "message",
        "text": "`incr` is the name of the DAG.",
        "user": "U01EXTKFQ2X",
        "ts": "1605632170.018200",
        "team": "T01ESRT4L21",
        "user_team": "T01ESRT4L21",
        "source_team": "T01ESRT4L21",
        "user_profile": {
            "avatar_hash": "gf161906b0a4",
            "image_72": "https:\/\/secure.gravatar.com\/avatar\/f161906b0a44871a875cceb170a554a8.jpg?s=72&d=https%3A%2F%2Fa.slack-edge.com%2Fdf10d%2Fimg%2Favatars%2Fava_0012-72.png",
            "first_name": "",
            "real_name": "Chenggang Wu",
            "display_name": "Chenggang Wu",
            "team": "T01ESRT4L21",
            "name": "cgwu",
            "is_restricted": false,
            "is_ultra_restricted": false
        },
        "blocks": [
            {
                "type": "rich_text",
                "block_id": "EjddD",
                "elements": [
                    {
                        "type": "rich_text_section",
                        "elements": [
                            {
                                "type": "text",
                                "text": "incr",
                                "style": {
                                    "code": true
                                }
                            },
                            {
                                "type": "text",
                                "text": " is the name of the DAG."
                            }
                        ]
                    }
                ]
            }
        ],
        "thread_ts": "1605631073.012500",
        "parent_user_id": "U01F23RNLA0"
    },
    {
        "client_msg_id": "00c98875-5767-4506-ab9d-8dd8fe5b9bb8",
        "type": "message",
        "text": "cool — please fix slides before sharing?",
        "user": "U01F23RNLA0",
        "ts": "1605632206.018400",
        "team": "T01ESRT4L21",
        "user_team": "T01ESRT4L21",
        "source_team": "T01ESRT4L21",
        "user_profile": {
            "avatar_hash": "4d348e9be4cd",
            "image_72": "https:\/\/avatars.slack-edge.com\/2020-11-16\/1491268124327_4d348e9be4cd013db6d3_72.jpg",
            "first_name": "Joe",
            "real_name": "Joe Hellerstein",
            "display_name": "Joe Hellerstein",
            "team": "T01ESRT4L21",
            "name": "hellerstein",
            "is_restricted": false,
            "is_ultra_restricted": false
        },
        "blocks": [
            {
                "type": "rich_text",
                "block_id": "TaJA",
                "elements": [
                    {
                        "type": "rich_text_section",
                        "elements": [
                            {
                                "type": "text",
                                "text": "cool — please fix slides before sharing?"
                            }
                        ]
                    }
                ]
            }
        ],
        "thread_ts": "1605631073.012500",
        "parent_user_id": "U01F23RNLA0",
        "reactions": [
            {
                "name": "+1",
                "users": [
                    "U01EXTKFQ2X"
                ],
                "count": 1
            }
        ]
    },
    {
        "client_msg_id": "f8d452ad-182c-447b-ac62-bf4866dd8a11",
        "type": "message",
        "text": "```cloud = CloudburstClient(ADDRESS, MY_IP)\ncloud.register(lambda x: x ** 2, 'square')\ncloud.register(lambda x: x + 1, 'increment')\ncloud.register_dag('composition', ['increment', 'square'])\n\ncloud.call_dag('composition', {'increment': 1})\n&gt;&gt;&gt; 4```\nThis is the correct version I believe.",
        "user": "U01EXTKFQ2X",
        "ts": "1605632391.018700",
        "team": "T01ESRT4L21",
        "user_team": "T01ESRT4L21",
        "source_team": "T01ESRT4L21",
        "user_profile": {
            "avatar_hash": "gf161906b0a4",
            "image_72": "https:\/\/secure.gravatar.com\/avatar\/f161906b0a44871a875cceb170a554a8.jpg?s=72&d=https%3A%2F%2Fa.slack-edge.com%2Fdf10d%2Fimg%2Favatars%2Fava_0012-72.png",
            "first_name": "",
            "real_name": "Chenggang Wu",
            "display_name": "Chenggang Wu",
            "team": "T01ESRT4L21",
            "name": "cgwu",
            "is_restricted": false,
            "is_ultra_restricted": false
        },
        "blocks": [
            {
                "type": "rich_text",
                "block_id": "0tAEg",
                "elements": [
                    {
                        "type": "rich_text_preformatted",
                        "elements": [
                            {
                                "type": "text",
                                "text": "cloud = CloudburstClient(ADDRESS, MY_IP)\ncloud.register(lambda x: x ** 2, 'square')\ncloud.register(lambda x: x + 1, 'increment')\ncloud.register_dag('composition', ['increment', 'square'])\n\ncloud.call_dag('composition', {'increment': 1})\n>>> 4"
                            }
                        ]
                    },
                    {
                        "type": "rich_text_section",
                        "elements": [
                            {
                                "type": "text",
                                "text": "This is the correct version I believe."
                            }
                        ]
                    }
                ]
            }
        ],
        "thread_ts": "1605631073.012500",
        "parent_user_id": "U01F23RNLA0"
    },
    {
        "client_msg_id": "2cfa3a82-a103-49f6-8f14-b7c06606b263",
        "type": "message",
        "text": "Chenggang, did you compare with Cosmos DB in addition to Dynamo DB? I'd be interested to see the comparison.",
        "user": "U01F40Z6H36",
        "ts": "1605632565.019500",
        "team": "T01ESRT4L21",
        "user_team": "T01ESRT4L21",
        "source_team": "T01ESRT4L21",
        "user_profile": {
            "avatar_hash": "g2c592429624",
            "image_72": "https:\/\/secure.gravatar.com\/avatar\/2c5924296244d4a1ff2b7e1095aaea90.jpg?s=72&d=https%3A%2F%2Fa.slack-edge.com%2Fdf10d%2Fimg%2Favatars%2Fava_0005-72.png",
            "first_name": "",
            "real_name": "Raghu Ramakrishnan",
            "display_name": "Raghu Ramakrishnan",
            "team": "T01ESRT4L21",
            "name": "raghu",
            "is_restricted": false,
            "is_ultra_restricted": false
        },
        "blocks": [
            {
                "type": "rich_text",
                "block_id": "777",
                "elements": [
                    {
                        "type": "rich_text_section",
                        "elements": [
                            {
                                "type": "text",
                                "text": "Chenggang, did you compare with Cosmos DB in addition to Dynamo DB? I'd be interested to see the comparison."
                            }
                        ]
                    }
                ]
            }
        ],
        "thread_ts": "1605632565.019500",
        "reply_count": 5,
        "reply_users_count": 2,
        "latest_reply": "1605633358.026000",
        "reply_users": [
            "U01EXTKFQ2X",
            "U01F40Z6H36"
        ],
        "replies": [
            {
                "user": "U01EXTKFQ2X",
                "ts": "1605632883.021700"
            },
            {
                "user": "U01F40Z6H36",
                "ts": "1605633158.023900"
            },
            {
                "user": "U01F40Z6H36",
                "ts": "1605633194.024600"
            },
            {
                "user": "U01EXTKFQ2X",
                "ts": "1605633342.025800"
            },
            {
                "user": "U01EXTKFQ2X",
                "ts": "1605633358.026000"
            }
        ],
        "subscribed": false
    },
    {
        "client_msg_id": "b9bb328c-80b1-4af8-ba33-565c6189693d",
        "type": "message",
        "text": "Parking a discussion thought about multipaxos and like on top of a virtually resilient framework like Ambrosia",
        "user": "U01EP8RNY9L",
        "ts": "1605632750.020200",
        "team": "T01ESRT4L21",
        "user_team": "T01ESRT4L21",
        "source_team": "T01ESRT4L21",
        "user_profile": {
            "avatar_hash": "g1680b8d7037",
            "image_72": "https:\/\/secure.gravatar.com\/avatar\/1680b8d703771a63458bb523e3d0dcf9.jpg?s=72&d=https%3A%2F%2Fa.slack-edge.com%2Fdf10d%2Fimg%2Favatars%2Fava_0026-72.png",
            "first_name": "",
            "real_name": "Jonathan Goldstein",
            "display_name": "Jonathan Goldstein",
            "team": "T01ESRT4L21",
            "name": "jongold",
            "is_restricted": false,
            "is_ultra_restricted": false
        },
        "blocks": [
            {
                "type": "rich_text",
                "block_id": "dbX",
                "elements": [
                    {
                        "type": "rich_text_section",
                        "elements": [
                            {
                                "type": "text",
                                "text": "Parking a discussion thought about multipaxos and like on top of a virtually resilient framework like Ambrosia"
                            }
                        ]
                    }
                ]
            }
        ],
        "reactions": [
            {
                "name": "+1",
                "users": [
                    "U01F23RNLA0",
                    "U01EP8RNY9L",
                    "U01EUHE4869"
                ],
                "count": 3
            }
        ]
    },
    {
        "client_msg_id": "45e4fc77-3af2-45ff-b9f1-96b438445cee",
        "type": "message",
        "text": "Sorry about that everyone! If you have any questions about compartmentalization, I'm happy to answer here :slightly_smiling_face:",
        "user": "U01EUHE4869",
        "ts": "1605632805.020800",
        "team": "T01ESRT4L21",
        "user_team": "T01ESRT4L21",
        "source_team": "T01ESRT4L21",
        "user_profile": {
            "avatar_hash": "94052ff5872b",
            "image_72": "https:\/\/avatars.slack-edge.com\/2020-11-17\/1492944526951_94052ff5872b82abd03b_72.jpg",
            "first_name": "",
            "real_name": "Michael Whittaker",
            "display_name": "Michael Whittaker",
            "team": "T01ESRT4L21",
            "name": "mjwhittaker",
            "is_restricted": false,
            "is_ultra_restricted": false
        },
        "blocks": [
            {
                "type": "rich_text",
                "block_id": "EMLnA",
                "elements": [
                    {
                        "type": "rich_text_section",
                        "elements": [
                            {
                                "type": "text",
                                "text": "Sorry about that everyone! If you have any questions about compartmentalization, I'm happy to answer here "
                            },
                            {
                                "type": "emoji",
                                "name": "slightly_smiling_face"
                            }
                        ]
                    }
                ]
            }
        ]
    },
    {
        "client_msg_id": "b62b9d7d-b2c0-41aa-a868-86f98f5ec7fd",
        "type": "message",
        "text": "Thank you Joe for picking up where I left off. I always make sure to roll with f+1 people capable of giving the talk",
        "user": "U01EUHE4869",
        "ts": "1605632858.021400",
        "team": "T01ESRT4L21",
        "user_team": "T01ESRT4L21",
        "source_team": "T01ESRT4L21",
        "user_profile": {
            "avatar_hash": "94052ff5872b",
            "image_72": "https:\/\/avatars.slack-edge.com\/2020-11-17\/1492944526951_94052ff5872b82abd03b_72.jpg",
            "first_name": "",
            "real_name": "Michael Whittaker",
            "display_name": "Michael Whittaker",
            "team": "T01ESRT4L21",
            "name": "mjwhittaker",
            "is_restricted": false,
            "is_ultra_restricted": false
        },
        "blocks": [
            {
                "type": "rich_text",
                "block_id": "zWxS",
                "elements": [
                    {
                        "type": "rich_text_section",
                        "elements": [
                            {
                                "type": "text",
                                "text": "Thank you Joe for picking up where I left off. I always make sure to roll with f+1 people capable of giving the talk"
                            }
                        ]
                    }
                ]
            }
        ],
        "reactions": [
            {
                "name": "raised_hands",
                "users": [
                    "U01EW11ETKL",
                    "U01F8JQFA1F",
                    "U01EXUEGK5H",
                    "U01EGU2HJ87",
                    "U01EH0F9XCP"
                ],
                "count": 5
            },
            {
                "name": "grinning",
                "users": [
                    "U01F23RNLA0",
                    "U01F8JQFA1F",
                    "U01EW5L8EQ2"
                ],
                "count": 3
            },
            {
                "name": "joy",
                "users": [
                    "U01EW6XN4LT",
                    "U01F8JQFA1F",
                    "U01EW5L8EQ2",
                    "U01EPA7K83Y"
                ],
                "count": 4
            }
        ]
    },
    {
        "client_msg_id": "7591d997-cbaa-4c52-bcf6-50cac5083825",
        "type": "message",
        "text": "Nope but yeah it'd be interesting to see the results. I assume you believe Cosmos DB is faster and more cost-efficient than DynamoDB. :blush:",
        "user": "U01EXTKFQ2X",
        "ts": "1605632883.021700",
        "team": "T01ESRT4L21",
        "user_team": "T01ESRT4L21",
        "source_team": "T01ESRT4L21",
        "user_profile": {
            "avatar_hash": "gf161906b0a4",
            "image_72": "https:\/\/secure.gravatar.com\/avatar\/f161906b0a44871a875cceb170a554a8.jpg?s=72&d=https%3A%2F%2Fa.slack-edge.com%2Fdf10d%2Fimg%2Favatars%2Fava_0012-72.png",
            "first_name": "",
            "real_name": "Chenggang Wu",
            "display_name": "Chenggang Wu",
            "team": "T01ESRT4L21",
            "name": "cgwu",
            "is_restricted": false,
            "is_ultra_restricted": false
        },
        "blocks": [
            {
                "type": "rich_text",
                "block_id": "phO2D",
                "elements": [
                    {
                        "type": "rich_text_section",
                        "elements": [
                            {
                                "type": "text",
                                "text": "Nope but yeah it'd be interesting to see the results. I assume you believe Cosmos DB is faster and more cost-efficient than DynamoDB. "
                            },
                            {
                                "type": "emoji",
                                "name": "blush"
                            }
                        ]
                    }
                ]
            }
        ],
        "thread_ts": "1605632565.019500",
        "parent_user_id": "U01F40Z6H36"
    },
    {
        "client_msg_id": "a04ac7df-21d4-4215-8d3f-4425078c3e2e",
        "type": "message",
        "text": "How does Compartmentalised Paxos compose\/relate to multi-leader based approaches like Mencius?",
        "user": "U01EH0F9XCP",
        "ts": "1605633141.023700",
        "team": "T01ESRT4L21",
        "user_team": "T01ESRT4L21",
        "source_team": "T01ESRT4L21",
        "user_profile": {
            "avatar_hash": "eac21241e039",
            "image_72": "https:\/\/avatars.slack-edge.com\/2020-11-17\/1507962693619_eac21241e0395cc1102b_72.png",
            "first_name": "",
            "real_name": "Natacha Crooks",
            "display_name": "Natacha Crooks",
            "team": "T01ESRT4L21",
            "name": "ncrooks",
            "is_restricted": false,
            "is_ultra_restricted": false
        },
        "blocks": [
            {
                "type": "rich_text",
                "block_id": "vkk0s",
                "elements": [
                    {
                        "type": "rich_text_section",
                        "elements": [
                            {
                                "type": "text",
                                "text": "How does Compartmentalised Paxos compose\/relate to multi-leader based approaches like Mencius?"
                            }
                        ]
                    }
                ]
            }
        ]
    },
    {
        "client_msg_id": "b6a94d7e-6ea9-419a-aa5d-50849778cf34",
        "type": "message",
        "text": "Now why would I believe that? :slightly_smiling_face:",
        "user": "U01F40Z6H36",
        "ts": "1605633158.023900",
        "team": "T01ESRT4L21",
        "user_team": "T01ESRT4L21",
        "source_team": "T01ESRT4L21",
        "user_profile": {
            "avatar_hash": "g2c592429624",
            "image_72": "https:\/\/secure.gravatar.com\/avatar\/2c5924296244d4a1ff2b7e1095aaea90.jpg?s=72&d=https%3A%2F%2Fa.slack-edge.com%2Fdf10d%2Fimg%2Favatars%2Fava_0005-72.png",
            "first_name": "",
            "real_name": "Raghu Ramakrishnan",
            "display_name": "Raghu Ramakrishnan",
            "team": "T01ESRT4L21",
            "name": "raghu",
            "is_restricted": false,
            "is_ultra_restricted": false
        },
        "blocks": [
            {
                "type": "rich_text",
                "block_id": "0YIb",
                "elements": [
                    {
                        "type": "rich_text_section",
                        "elements": [
                            {
                                "type": "text",
                                "text": "Now why would I believe that? "
                            },
                            {
                                "type": "emoji",
                                "name": "slightly_smiling_face"
                            }
                        ]
                    }
                ]
            }
        ],
        "thread_ts": "1605632565.019500",
        "parent_user_id": "U01F40Z6H36"
    },
    {
        "client_msg_id": "d9010c3a-13e5-47a1-b2a4-896dae04507e",
        "type": "message",
        "text": "Cosmos DB also supports a wide array of consistency levels that it would be good to compare with",
        "user": "U01F40Z6H36",
        "ts": "1605633194.024600",
        "team": "T01ESRT4L21",
        "user_team": "T01ESRT4L21",
        "source_team": "T01ESRT4L21",
        "user_profile": {
            "avatar_hash": "g2c592429624",
            "image_72": "https:\/\/secure.gravatar.com\/avatar\/2c5924296244d4a1ff2b7e1095aaea90.jpg?s=72&d=https%3A%2F%2Fa.slack-edge.com%2Fdf10d%2Fimg%2Favatars%2Fava_0005-72.png",
            "first_name": "",
            "real_name": "Raghu Ramakrishnan",
            "display_name": "Raghu Ramakrishnan",
            "team": "T01ESRT4L21",
            "name": "raghu",
            "is_restricted": false,
            "is_ultra_restricted": false
        },
        "blocks": [
            {
                "type": "rich_text",
                "block_id": "BJGA0",
                "elements": [
                    {
                        "type": "rich_text_section",
                        "elements": [
                            {
                                "type": "text",
                                "text": "Cosmos DB also supports a wide array of consistency levels that it would be good to compare with"
                            }
                        ]
                    }
                ]
            }
        ],
        "thread_ts": "1605632565.019500",
        "parent_user_id": "U01F40Z6H36"
    },
    {
        "client_msg_id": "e41bcf88-8f4b-4037-86de-5b2b1db7de27",
        "type": "message",
        "text": "Great question Natacha! Mencius attempts to eliminate the leader bottleneck, but doesn't look at eliminating other bottlenecks. Unfortunately, when you eliminate one bottleneck, another arises, so it's important to eliminate them all. In our paper, we have a whole section on compartmentalizing Mencius if anyone is looking for more information on that: <https:\/\/mwhittaker.github.io\/publications\/compartmentalized_consensus.pdf>",
        "user": "U01EUHE4869",
        "ts": "1605633239.025700",
        "team": "T01ESRT4L21",
        "user_team": "T01ESRT4L21",
        "source_team": "T01ESRT4L21",
        "user_profile": {
            "avatar_hash": "94052ff5872b",
            "image_72": "https:\/\/avatars.slack-edge.com\/2020-11-17\/1492944526951_94052ff5872b82abd03b_72.jpg",
            "first_name": "",
            "real_name": "Michael Whittaker",
            "display_name": "Michael Whittaker",
            "team": "T01ESRT4L21",
            "name": "mjwhittaker",
            "is_restricted": false,
            "is_ultra_restricted": false
        },
        "blocks": [
            {
                "type": "rich_text",
                "block_id": "Ab66x",
                "elements": [
                    {
                        "type": "rich_text_section",
                        "elements": [
                            {
                                "type": "text",
                                "text": "Great question Natacha! Mencius attempts to eliminate the leader bottleneck, but doesn't look at eliminating other bottlenecks. Unfortunately, when you eliminate one bottleneck, another arises, so it's important to eliminate them all. In our paper, we have a whole section on compartmentalizing Mencius if anyone is looking for more information on that: "
                            },
                            {
                                "type": "link",
                                "url": "https:\/\/mwhittaker.github.io\/publications\/compartmentalized_consensus.pdf"
                            }
                        ]
                    }
                ]
            }
        ]
    },
    {
        "client_msg_id": "8510b4dd-6ba6-4e93-a153-da4960fb02ba",
        "type": "message",
        "text": "I remember you spoke super highly of Cosmos DB when I interned at CISL (now Grey systems lab?) in 2017!",
        "user": "U01EXTKFQ2X",
        "ts": "1605633342.025800",
        "team": "T01ESRT4L21",
        "user_team": "T01ESRT4L21",
        "source_team": "T01ESRT4L21",
        "user_profile": {
            "avatar_hash": "gf161906b0a4",
            "image_72": "https:\/\/secure.gravatar.com\/avatar\/f161906b0a44871a875cceb170a554a8.jpg?s=72&d=https%3A%2F%2Fa.slack-edge.com%2Fdf10d%2Fimg%2Favatars%2Fava_0012-72.png",
            "first_name": "",
            "real_name": "Chenggang Wu",
            "display_name": "Chenggang Wu",
            "team": "T01ESRT4L21",
            "name": "cgwu",
            "is_restricted": false,
            "is_ultra_restricted": false
        },
        "blocks": [
            {
                "type": "rich_text",
                "block_id": "omKfQ",
                "elements": [
                    {
                        "type": "rich_text_section",
                        "elements": [
                            {
                                "type": "text",
                                "text": "I remember you spoke super highly of Cosmos DB when I interned at CISL (now Grey systems lab?) in 2017!"
                            }
                        ]
                    }
                ]
            }
        ],
        "thread_ts": "1605632565.019500",
        "parent_user_id": "U01F40Z6H36"
    },
    {
        "client_msg_id": "0cce76f7-b2e8-4b2d-a5d8-3577dd07621e",
        "type": "message",
        "text": "That's wonderful. Will definitely look into it.",
        "user": "U01EXTKFQ2X",
        "ts": "1605633358.026000",
        "team": "T01ESRT4L21",
        "user_team": "T01ESRT4L21",
        "source_team": "T01ESRT4L21",
        "user_profile": {
            "avatar_hash": "gf161906b0a4",
            "image_72": "https:\/\/secure.gravatar.com\/avatar\/f161906b0a44871a875cceb170a554a8.jpg?s=72&d=https%3A%2F%2Fa.slack-edge.com%2Fdf10d%2Fimg%2Favatars%2Fava_0012-72.png",
            "first_name": "",
            "real_name": "Chenggang Wu",
            "display_name": "Chenggang Wu",
            "team": "T01ESRT4L21",
            "name": "cgwu",
            "is_restricted": false,
            "is_ultra_restricted": false
        },
        "blocks": [
            {
                "type": "rich_text",
                "block_id": "RPeT",
                "elements": [
                    {
                        "type": "rich_text_section",
                        "elements": [
                            {
                                "type": "text",
                                "text": "That's wonderful. Will definitely look into it."
                            }
                        ]
                    }
                ]
            }
        ],
        "thread_ts": "1605632565.019500",
        "parent_user_id": "U01F40Z6H36"
    },
    {
        "client_msg_id": "8e711d7e-5603-47d9-b9f0-2fbb308b08e9",
        "type": "message",
        "text": "Spinach has a lot of iron in it. So does Rust. (Entirely posthoc name justification!)",
        "user": "U01F23RNLA0",
        "ts": "1605634510.027300",
        "team": "T01ESRT4L21",
        "user_team": "T01ESRT4L21",
        "source_team": "T01ESRT4L21",
        "user_profile": {
            "avatar_hash": "4d348e9be4cd",
            "image_72": "https:\/\/avatars.slack-edge.com\/2020-11-16\/1491268124327_4d348e9be4cd013db6d3_72.jpg",
            "first_name": "Joe",
            "real_name": "Joe Hellerstein",
            "display_name": "Joe Hellerstein",
            "team": "T01ESRT4L21",
            "name": "hellerstein",
            "is_restricted": false,
            "is_ultra_restricted": false
        },
        "blocks": [
            {
                "type": "rich_text",
                "block_id": "wzo6F",
                "elements": [
                    {
                        "type": "rich_text_section",
                        "elements": [
                            {
                                "type": "text",
                                "text": "Spinach has a lot of iron in it. So does Rust. (Entirely posthoc name justification!)"
                            }
                        ]
                    }
                ]
            }
        ],
        "thread_ts": "1605634510.027300",
        "reply_count": 1,
        "reply_users_count": 1,
        "latest_reply": "1605634621.027900",
        "reply_users": [
            "U01F23RNLA0"
        ],
        "replies": [
            {
                "user": "U01F23RNLA0",
                "ts": "1605634621.027900"
            }
        ],
        "subscribed": true,
        "last_read": "1605634621.027900",
        "reactions": [
            {
                "name": "green_salad",
                "users": [
                    "U01EW11ETKL",
                    "U01EUHE4869",
                    "U01EXUEGK5H",
                    "U01F8JQFA1F",
                    "U01FL3A6TJL"
                ],
                "count": 5
            },
            {
                "name": "slightly_smiling_face",
                "users": [
                    "U01EP8RNY9L",
                    "U01EW11ETKL",
                    "U01F8JQFA1F"
                ],
                "count": 3
            }
        ]
    },
    {
        "client_msg_id": "b97eed91-8073-4d57-b670-7a662e9f29ce",
        "type": "message",
        "text": "The real lineage is a different pun. I built a little lattice library last year called Arugula — because it’s a little lettuce library. Spinach is the follow-on from the smarter folks.",
        "user": "U01F23RNLA0",
        "ts": "1605634621.027900",
        "team": "T01ESRT4L21",
        "user_team": "T01ESRT4L21",
        "source_team": "T01ESRT4L21",
        "user_profile": {
            "avatar_hash": "4d348e9be4cd",
            "image_72": "https:\/\/avatars.slack-edge.com\/2020-11-16\/1491268124327_4d348e9be4cd013db6d3_72.jpg",
            "first_name": "Joe",
            "real_name": "Joe Hellerstein",
            "display_name": "Joe Hellerstein",
            "team": "T01ESRT4L21",
            "name": "hellerstein",
            "is_restricted": false,
            "is_ultra_restricted": false
        },
        "blocks": [
            {
                "type": "rich_text",
                "block_id": "e8k",
                "elements": [
                    {
                        "type": "rich_text_section",
                        "elements": [
                            {
                                "type": "text",
                                "text": "The real lineage is a different pun. I built a little lattice library last year called Arugula — because it’s a little lettuce library. Spinach is the follow-on from the smarter folks."
                            }
                        ]
                    }
                ]
            }
        ],
        "thread_ts": "1605634510.027300",
        "parent_user_id": "U01F23RNLA0"
    },
    {
        "client_msg_id": "df1bf336-ec0d-4581-8f5b-5e0956bcdabb",
        "type": "message",
        "text": "Here’s a rough attempt to summarize what we heard from Berkeley:\n1. *Serverless systems can benefit greatly from coordination-freeness.* We’ve done a bunch of work exploiting what we “CALMly” know about monotonicity &amp; coordination-freeness to build any-scale serverless systems with tunable, pretty-rich consistency. Anna is an example as a KVS, and Cloudburst offers familiar FaaS computation above it (hiding the monotonicity requirements from the programmer).\n2. *Coordination protocols have coordination-freeness inside!* Even protocols like Multipaxos benefit from the embarassing parallelism and sharding of monotone computation. While they have non-monotone components, we can whittle (whittaker?) them down and scale the rest. We’re working on techniques to convert this from PhD invention to compiler optimization\n3. *Faceted programming can unlock these ideas for many programming models.* By separating concerns into facets, we want to enable a broad set of programming models for distributed computing, over a broad set of system\/HW configs below. Underneath this is an Intermediate Representation (IR) currently called Spinach that intends to provide a provably-monotonic programming model and high performance Rust-based runtime.",
        "user": "U01F23RNLA0",
        "ts": "1605635512.035200",
        "team": "T01ESRT4L21",
        "user_team": "T01ESRT4L21",
        "source_team": "T01ESRT4L21",
        "user_profile": {
            "avatar_hash": "4d348e9be4cd",
            "image_72": "https:\/\/avatars.slack-edge.com\/2020-11-16\/1491268124327_4d348e9be4cd013db6d3_72.jpg",
            "first_name": "Joe",
            "real_name": "Joe Hellerstein",
            "display_name": "Joe Hellerstein",
            "team": "T01ESRT4L21",
            "name": "hellerstein",
            "is_restricted": false,
            "is_ultra_restricted": false
        },
        "blocks": [
            {
                "type": "rich_text",
                "block_id": "7Du",
                "elements": [
                    {
                        "type": "rich_text_section",
                        "elements": [
                            {
                                "type": "text",
                                "text": "Here’s a rough attempt to summarize what we heard from Berkeley:\n"
                            }
                        ]
                    },
                    {
                        "type": "rich_text_list",
                        "elements": [
                            {
                                "type": "rich_text_section",
                                "elements": [
                                    {
                                        "type": "text",
                                        "text": "Serverless systems can benefit greatly from coordination-freeness. ",
                                        "style": {
                                            "bold": true
                                        }
                                    },
                                    {
                                        "type": "text",
                                        "text": "We’ve done a bunch of work exploiting what we “CALMly” know about monotonicity & coordination-freeness to build any-scale serverless systems with tunable, pretty-rich consistency. Anna is an example as a KVS, and Cloudburst offers familiar FaaS computation above it (hiding the monotonicity requirements from the programmer)."
                                    }
                                ]
                            },
                            {
                                "type": "rich_text_section",
                                "elements": [
                                    {
                                        "type": "text",
                                        "text": "Coordination protocols have coordination-freeness inside! ",
                                        "style": {
                                            "bold": true
                                        }
                                    },
                                    {
                                        "type": "text",
                                        "text": "Even protocols like Multipaxos benefit from the embarassing parallelism and sharding of monotone computation. While they have non-monotone components, we can whittle (whittaker?) them down and scale the rest. We’re working on techniques to convert this from PhD invention to compiler optimization"
                                    }
                                ]
                            },
                            {
                                "type": "rich_text_section",
                                "elements": [
                                    {
                                        "type": "text",
                                        "text": "Faceted programming can unlock these ideas for many programming models. ",
                                        "style": {
                                            "bold": true
                                        }
                                    },
                                    {
                                        "type": "text",
                                        "text": "By separating concerns into facets, we want to enable a broad set of programming models for distributed computing, over a broad set of system\/HW configs below. Underneath this is an Intermediate Representation (IR) currently called Spinach that intends to provide a provably-monotonic programming model and high performance Rust-based runtime."
                                    }
                                ]
                            }
                        ],
                        "style": "ordered",
                        "indent": 0
                    }
                ]
            }
        ],
        "reactions": [
            {
                "name": "+1",
                "users": [
                    "U01EXUEGK5H"
                ],
                "count": 1
            }
        ]
    }
]