[
    {
        "type": "message",
        "subtype": "channel_join",
        "ts": "1605576291.000200",
        "user": "U01F23RNLA0",
        "text": "<@U01F23RNLA0> has joined the channel"
    },
    {
        "type": "message",
        "subtype": "channel_name",
        "ts": "1605576320.000300",
        "user": "U01F23RNLA0",
        "text": "<@U01F23RNLA0> has renamed the channel from \"berkeleymsr-mini-conference-2020-on-distributed-computing-and-data\" to \"channelannelannel\"",
        "old_name": "berkeleymsr-mini-conference-2020-on-distributed-computing-and-data",
        "name": "channelannelannel"
    },
    {
        "type": "message",
        "subtype": "channel_join",
        "ts": "1605577867.000500",
        "user": "U01F8JQFA1F",
        "text": "<@U01F8JQFA1F> has joined the channel"
    },
    {
        "type": "message",
        "subtype": "channel_join",
        "ts": "1605577885.000700",
        "user": "U01EST0RQAZ",
        "text": "<@U01EST0RQAZ> has joined the channel"
    },
    {
        "type": "message",
        "subtype": "channel_join",
        "ts": "1605578101.000900",
        "user": "U01EP892ZGE",
        "text": "<@U01EP892ZGE> has joined the channel"
    },
    {
        "type": "message",
        "subtype": "channel_join",
        "ts": "1605578168.001100",
        "user": "U01EST7GBEZ",
        "text": "<@U01EST7GBEZ> has joined the channel"
    },
    {
        "type": "message",
        "subtype": "channel_name",
        "ts": "1605578474.001200",
        "user": "U01F23RNLA0",
        "text": "<@U01F23RNLA0> has renamed the channel from \"channelannelannel\" to \"berkeleytalks\"",
        "old_name": "channelannelannel",
        "name": "berkeleytalks"
    },
    {
        "type": "message",
        "subtype": "channel_join",
        "ts": "1605578729.001400",
        "user": "U01EP8RNY9L",
        "text": "<@U01EP8RNY9L> has joined the channel"
    },
    {
        "type": "message",
        "subtype": "channel_join",
        "ts": "1605578746.001600",
        "user": "U01EW6XN4LT",
        "text": "<@U01EW6XN4LT> has joined the channel"
    },
    {
        "type": "message",
        "subtype": "channel_join",
        "ts": "1605579018.001800",
        "user": "U01EW11ETKL",
        "text": "<@U01EW11ETKL> has joined the channel"
    },
    {
        "type": "message",
        "subtype": "channel_join",
        "ts": "1605579257.002000",
        "user": "U01EW16T96W",
        "text": "<@U01EW16T96W> has joined the channel"
    },
    {
        "type": "message",
        "subtype": "channel_join",
        "ts": "1605579436.002200",
        "user": "U01EF8YEP9V",
        "text": "<@U01EF8YEP9V> has joined the channel"
    },
    {
        "type": "message",
        "subtype": "channel_join",
        "ts": "1605580924.002400",
        "user": "U01EPA7K83Y",
        "text": "<@U01EPA7K83Y> has joined the channel"
    },
    {
        "type": "message",
        "subtype": "channel_join",
        "ts": "1605586329.002600",
        "user": "U01EW5L8EQ2",
        "text": "<@U01EW5L8EQ2> has joined the channel"
    },
    {
        "type": "message",
        "subtype": "channel_join",
        "ts": "1605590312.002800",
        "user": "U01FL3A6TJL",
        "text": "<@U01FL3A6TJL> has joined the channel"
    },
    {
        "type": "message",
        "subtype": "channel_join",
        "ts": "1605592675.003000",
        "user": "U01EWFEPW03",
        "text": "<@U01EWFEPW03> has joined the channel"
    },
    {
        "type": "message",
        "subtype": "channel_join",
        "ts": "1605595734.003200",
        "user": "U01EFJZQACX",
        "text": "<@U01EFJZQACX> has joined the channel"
    },
    {
        "type": "message",
        "subtype": "channel_topic",
        "ts": "1605599900.003300",
        "user": "U01EW11ETKL",
        "text": "<@U01EW11ETKL> set the channel topic: 8:00: Welcome and Hydro Project Overview (J Hellerstein)\n8:10-8:40: Cloudburst and Anna (C Wu)\n8:40-9:10: Compartmentalizing and Autoscaling Consensus (M Whittaker, K Shivakumar, D Chu)\n9:10-9:30: Hydro's Faceted Approach to Cloud Programming",
        "topic": "8:00: Welcome and Hydro Project Overview (J Hellerstein)\n8:10-8:40: Cloudburst and Anna (C Wu)\n8:40-9:10: Compartmentalizing and Autoscaling Consensus (M Whittaker, K Shivakumar, D Chu)\n9:10-9:30: Hydro's Faceted Approach to Cloud Programming"
    }
]