[
    {
        "type": "message",
        "subtype": "channel_join",
        "ts": "1605639976.000200",
        "user": "U01F23RNLA0",
        "text": "<@U01F23RNLA0> has joined the channel"
    },
    {
        "type": "message",
        "subtype": "channel_join",
        "ts": "1605640085.000400",
        "user": "U01EPA7K83Y",
        "text": "<@U01EPA7K83Y> has joined the channel"
    },
    {
        "type": "message",
        "subtype": "channel_join",
        "ts": "1605640086.000600",
        "user": "U01FMJFKH7A",
        "text": "<@U01FMJFKH7A> has joined the channel"
    },
    {
        "type": "message",
        "subtype": "channel_join",
        "ts": "1605640090.000800",
        "user": "U01EF8YEP9V",
        "text": "<@U01EF8YEP9V> has joined the channel"
    },
    {
        "type": "message",
        "subtype": "channel_join",
        "ts": "1605640091.001000",
        "user": "U01EW16T96W",
        "text": "<@U01EW16T96W> has joined the channel"
    },
    {
        "type": "message",
        "subtype": "channel_join",
        "ts": "1605640192.002100",
        "user": "U01EXUEGK5H",
        "text": "<@U01EXUEGK5H> has joined the channel"
    },
    {
        "type": "message",
        "subtype": "channel_join",
        "ts": "1605640223.002700",
        "user": "U01EST7GBEZ",
        "text": "<@U01EST7GBEZ> has joined the channel"
    },
    {
        "type": "message",
        "subtype": "channel_join",
        "ts": "1605640274.003600",
        "user": "U01EW6XN4LT",
        "text": "<@U01EW6XN4LT> has joined the channel"
    },
    {
        "type": "message",
        "subtype": "channel_join",
        "ts": "1605640294.003800",
        "user": "U01EST0RQAZ",
        "text": "<@U01EST0RQAZ> has joined the channel"
    },
    {
        "type": "message",
        "subtype": "channel_join",
        "ts": "1605640297.004100",
        "user": "U01EW11ETKL",
        "text": "<@U01EW11ETKL> has joined the channel"
    },
    {
        "client_msg_id": "9c1140bd-c9fe-4cc5-b144-f2231acd2237",
        "type": "message",
        "text": "Some topics to consider:\n• Common goals we’ve already been addressing — comparing\/contrasting prior work, learning from our experiences, surveys?\n• Common goals going forward — places we may want to start collaborating actively? APIs in common that we can target.",
        "user": "U01F23RNLA0",
        "ts": "1605640300.004200",
        "team": "T01ESRT4L21",
        "user_team": "T01ESRT4L21",
        "source_team": "T01ESRT4L21",
        "user_profile": {
            "avatar_hash": "4d348e9be4cd",
            "image_72": "https:\/\/avatars.slack-edge.com\/2020-11-16\/1491268124327_4d348e9be4cd013db6d3_72.jpg",
            "first_name": "Joe",
            "real_name": "Joe Hellerstein",
            "display_name": "Joe Hellerstein",
            "team": "T01ESRT4L21",
            "name": "hellerstein",
            "is_restricted": false,
            "is_ultra_restricted": false
        },
        "blocks": [
            {
                "type": "rich_text",
                "block_id": "Fb8R",
                "elements": [
                    {
                        "type": "rich_text_section",
                        "elements": [
                            {
                                "type": "text",
                                "text": "Some topics to consider:\n"
                            }
                        ]
                    },
                    {
                        "type": "rich_text_list",
                        "elements": [
                            {
                                "type": "rich_text_section",
                                "elements": [
                                    {
                                        "type": "text",
                                        "text": "Common goals we’ve already been addressing — comparing\/contrasting prior work, learning from our experiences, surveys?"
                                    }
                                ]
                            },
                            {
                                "type": "rich_text_section",
                                "elements": [
                                    {
                                        "type": "text",
                                        "text": "Common goals going forward — places we may want to start collaborating actively? APIs in common that we can target."
                                    }
                                ]
                            }
                        ],
                        "style": "bullet",
                        "indent": 0
                    }
                ]
            }
        ]
    },
    {
        "type": "message",
        "subtype": "channel_join",
        "ts": "1605640303.004400",
        "user": "U01EH0F9XCP",
        "text": "<@U01EH0F9XCP> has joined the channel"
    },
    {
        "type": "message",
        "subtype": "channel_join",
        "ts": "1605640304.004600",
        "user": "U01EUHE4869",
        "text": "<@U01EUHE4869> has joined the channel"
    },
    {
        "type": "message",
        "subtype": "channel_join",
        "ts": "1605640327.004800",
        "user": "U01EXRVGM51",
        "text": "<@U01EXRVGM51> has joined the channel"
    },
    {
        "type": "message",
        "subtype": "channel_join",
        "ts": "1605640379.005000",
        "user": "U01EP892ZGE",
        "text": "<@U01EP892ZGE> has joined the channel"
    },
    {
        "type": "message",
        "subtype": "channel_join",
        "ts": "1605640450.005200",
        "user": "U01EUKEAYR3",
        "text": "<@U01EUKEAYR3> has joined the channel"
    },
    {
        "client_msg_id": "6c309f3f-20f9-4b8f-b0fe-6032f4bd3615",
        "type": "message",
        "text": "Theme from <@U01EP8RNY9L>: Distributed, stateful computing.",
        "user": "U01F23RNLA0",
        "ts": "1605640537.005600",
        "team": "T01ESRT4L21",
        "user_team": "T01ESRT4L21",
        "source_team": "T01ESRT4L21",
        "user_profile": {
            "avatar_hash": "4d348e9be4cd",
            "image_72": "https:\/\/avatars.slack-edge.com\/2020-11-16\/1491268124327_4d348e9be4cd013db6d3_72.jpg",
            "first_name": "Joe",
            "real_name": "Joe Hellerstein",
            "display_name": "Joe Hellerstein",
            "team": "T01ESRT4L21",
            "name": "hellerstein",
            "is_restricted": false,
            "is_ultra_restricted": false
        },
        "edited": {
            "user": "U01F23RNLA0",
            "ts": "1605640598.000000"
        },
        "blocks": [
            {
                "type": "rich_text",
                "block_id": "rBtI",
                "elements": [
                    {
                        "type": "rich_text_section",
                        "elements": [
                            {
                                "type": "text",
                                "text": "Theme from "
                            },
                            {
                                "type": "user",
                                "user_id": "U01EP8RNY9L"
                            },
                            {
                                "type": "text",
                                "text": ": Distributed, stateful computing."
                            }
                        ]
                    }
                ]
            }
        ]
    },
    {
        "client_msg_id": "f6cf805f-aff7-4aae-9893-3b6886d32d20",
        "type": "message",
        "text": "<@U01EGU2HJ87> on consistency: think about single-copy, then think about replicated issues.",
        "user": "U01F23RNLA0",
        "ts": "1605640617.006100",
        "team": "T01ESRT4L21",
        "user_team": "T01ESRT4L21",
        "source_team": "T01ESRT4L21",
        "user_profile": {
            "avatar_hash": "4d348e9be4cd",
            "image_72": "https:\/\/avatars.slack-edge.com\/2020-11-16\/1491268124327_4d348e9be4cd013db6d3_72.jpg",
            "first_name": "Joe",
            "real_name": "Joe Hellerstein",
            "display_name": "Joe Hellerstein",
            "team": "T01ESRT4L21",
            "name": "hellerstein",
            "is_restricted": false,
            "is_ultra_restricted": false
        },
        "blocks": [
            {
                "type": "rich_text",
                "block_id": "geEV",
                "elements": [
                    {
                        "type": "rich_text_section",
                        "elements": [
                            {
                                "type": "user",
                                "user_id": "U01EGU2HJ87"
                            },
                            {
                                "type": "text",
                                "text": " on consistency: think about single-copy, then think about replicated issues."
                            }
                        ]
                    }
                ]
            }
        ],
        "thread_ts": "1605640617.006100",
        "reply_count": 1,
        "reply_users_count": 1,
        "latest_reply": "1605640668.006400",
        "reply_users": [
            "U01F23RNLA0"
        ],
        "replies": [
            {
                "user": "U01F23RNLA0",
                "ts": "1605640668.006400"
            }
        ],
        "subscribed": true,
        "last_read": "1605640668.006400"
    },
    {
        "type": "message",
        "subtype": "channel_join",
        "ts": "1605640630.006300",
        "user": "U01EGU2HJ87",
        "text": "<@U01EGU2HJ87> has joined the channel",
        "inviter": "U01F23RNLA0"
    },
    {
        "client_msg_id": "65b99eea-adcd-4de7-bb8e-9417baaadcd2",
        "type": "message",
        "text": "How do we think about multi-copy semantics that degenerates nicely for single-copy case?",
        "user": "U01F23RNLA0",
        "ts": "1605640668.006400",
        "team": "T01ESRT4L21",
        "user_team": "T01ESRT4L21",
        "source_team": "T01ESRT4L21",
        "user_profile": {
            "avatar_hash": "4d348e9be4cd",
            "image_72": "https:\/\/avatars.slack-edge.com\/2020-11-16\/1491268124327_4d348e9be4cd013db6d3_72.jpg",
            "first_name": "Joe",
            "real_name": "Joe Hellerstein",
            "display_name": "Joe Hellerstein",
            "team": "T01ESRT4L21",
            "name": "hellerstein",
            "is_restricted": false,
            "is_ultra_restricted": false
        },
        "blocks": [
            {
                "type": "rich_text",
                "block_id": "liNdp",
                "elements": [
                    {
                        "type": "rich_text_section",
                        "elements": [
                            {
                                "type": "text",
                                "text": "How do we think about multi-copy semantics that degenerates nicely for single-copy case?"
                            }
                        ]
                    }
                ]
            }
        ],
        "thread_ts": "1605640617.006100",
        "parent_user_id": "U01F23RNLA0"
    },
    {
        "client_msg_id": "0f2f90d3-969d-424c-82d7-0c9ddf40a78b",
        "type": "message",
        "text": "<@U01EP8RNY9L> Two distinct problems: virtual resilience, and sharing semantics.",
        "user": "U01F23RNLA0",
        "ts": "1605640705.007100",
        "team": "T01ESRT4L21",
        "user_team": "T01ESRT4L21",
        "source_team": "T01ESRT4L21",
        "user_profile": {
            "avatar_hash": "4d348e9be4cd",
            "image_72": "https:\/\/avatars.slack-edge.com\/2020-11-16\/1491268124327_4d348e9be4cd013db6d3_72.jpg",
            "first_name": "Joe",
            "real_name": "Joe Hellerstein",
            "display_name": "Joe Hellerstein",
            "team": "T01ESRT4L21",
            "name": "hellerstein",
            "is_restricted": false,
            "is_ultra_restricted": false
        },
        "blocks": [
            {
                "type": "rich_text",
                "block_id": "bdb",
                "elements": [
                    {
                        "type": "rich_text_section",
                        "elements": [
                            {
                                "type": "user",
                                "user_id": "U01EP8RNY9L"
                            },
                            {
                                "type": "text",
                                "text": " Two distinct problems: virtual resilience, and sharing semantics."
                            }
                        ]
                    }
                ]
            }
        ]
    },
    {
        "type": "message",
        "subtype": "channel_join",
        "ts": "1605640711.007300",
        "user": "U01EP8RNY9L",
        "text": "<@U01EP8RNY9L> has joined the channel",
        "inviter": "U01F23RNLA0"
    },
    {
        "client_msg_id": "a4298cd6-4363-4d99-9fbe-040075467fa3",
        "type": "message",
        "text": "Discussion of whether these are language guarantees or storage abstractions.",
        "user": "U01F23RNLA0",
        "ts": "1605640866.007700",
        "team": "T01ESRT4L21",
        "user_team": "T01ESRT4L21",
        "source_team": "T01ESRT4L21",
        "user_profile": {
            "avatar_hash": "4d348e9be4cd",
            "image_72": "https:\/\/avatars.slack-edge.com\/2020-11-16\/1491268124327_4d348e9be4cd013db6d3_72.jpg",
            "first_name": "Joe",
            "real_name": "Joe Hellerstein",
            "display_name": "Joe Hellerstein",
            "team": "T01ESRT4L21",
            "name": "hellerstein",
            "is_restricted": false,
            "is_ultra_restricted": false
        },
        "blocks": [
            {
                "type": "rich_text",
                "block_id": "jHEo",
                "elements": [
                    {
                        "type": "rich_text_section",
                        "elements": [
                            {
                                "type": "text",
                                "text": "Discussion of whether these are language guarantees or storage abstractions."
                            }
                        ]
                    }
                ]
            }
        ]
    },
    {
        "client_msg_id": "95866ef5-cec3-40bb-a70e-67ffb20697cf",
        "type": "message",
        "text": "<@U01EP8RNY9L>: virtual resiliency is an idea that is emerging in lots of places now. Seems like something to focus on.",
        "user": "U01F23RNLA0",
        "ts": "1605640969.008200",
        "team": "T01ESRT4L21",
        "user_team": "T01ESRT4L21",
        "source_team": "T01ESRT4L21",
        "user_profile": {
            "avatar_hash": "4d348e9be4cd",
            "image_72": "https:\/\/avatars.slack-edge.com\/2020-11-16\/1491268124327_4d348e9be4cd013db6d3_72.jpg",
            "first_name": "Joe",
            "real_name": "Joe Hellerstein",
            "display_name": "Joe Hellerstein",
            "team": "T01ESRT4L21",
            "name": "hellerstein",
            "is_restricted": false,
            "is_ultra_restricted": false
        },
        "blocks": [
            {
                "type": "rich_text",
                "block_id": "PlnZy",
                "elements": [
                    {
                        "type": "rich_text_section",
                        "elements": [
                            {
                                "type": "user",
                                "user_id": "U01EP8RNY9L"
                            },
                            {
                                "type": "text",
                                "text": ": virtual resiliency is an idea that is emerging in lots of places now. Seems like something to focus on."
                            }
                        ]
                    }
                ]
            }
        ]
    },
    {
        "client_msg_id": "f78b6498-b18f-492c-b164-833911315bd9",
        "type": "message",
        "text": "<@U01EGU2HJ87>: we need to extend guarantees to clients.",
        "user": "U01F23RNLA0",
        "ts": "1605640978.008500",
        "team": "T01ESRT4L21",
        "user_team": "T01ESRT4L21",
        "source_team": "T01ESRT4L21",
        "user_profile": {
            "avatar_hash": "4d348e9be4cd",
            "image_72": "https:\/\/avatars.slack-edge.com\/2020-11-16\/1491268124327_4d348e9be4cd013db6d3_72.jpg",
            "first_name": "Joe",
            "real_name": "Joe Hellerstein",
            "display_name": "Joe Hellerstein",
            "team": "T01ESRT4L21",
            "name": "hellerstein",
            "is_restricted": false,
            "is_ultra_restricted": false
        },
        "blocks": [
            {
                "type": "rich_text",
                "block_id": "L=sH8",
                "elements": [
                    {
                        "type": "rich_text_section",
                        "elements": [
                            {
                                "type": "user",
                                "user_id": "U01EGU2HJ87"
                            },
                            {
                                "type": "text",
                                "text": ": we need to extend guarantees to clients."
                            }
                        ]
                    }
                ]
            }
        ]
    },
    {
        "client_msg_id": "39967629-f8f1-454d-910c-e73d15864c80",
        "type": "message",
        "text": "<@U01EW6XN4LT>: maybe the notion of resiliency should be faceted and programmable much like consistency",
        "user": "U01F23RNLA0",
        "ts": "1605641116.009200",
        "team": "T01ESRT4L21",
        "user_team": "T01ESRT4L21",
        "source_team": "T01ESRT4L21",
        "user_profile": {
            "avatar_hash": "4d348e9be4cd",
            "image_72": "https:\/\/avatars.slack-edge.com\/2020-11-16\/1491268124327_4d348e9be4cd013db6d3_72.jpg",
            "first_name": "Joe",
            "real_name": "Joe Hellerstein",
            "display_name": "Joe Hellerstein",
            "team": "T01ESRT4L21",
            "name": "hellerstein",
            "is_restricted": false,
            "is_ultra_restricted": false
        },
        "edited": {
            "user": "U01F23RNLA0",
            "ts": "1605641172.000000"
        },
        "blocks": [
            {
                "type": "rich_text",
                "block_id": "s9G",
                "elements": [
                    {
                        "type": "rich_text_section",
                        "elements": [
                            {
                                "type": "user",
                                "user_id": "U01EW6XN4LT"
                            },
                            {
                                "type": "text",
                                "text": ": maybe the notion of resiliency should be faceted and programmable much like consistency"
                            }
                        ]
                    }
                ]
            }
        ]
    },
    {
        "client_msg_id": "46591a25-eaf2-4b39-aa59-8b0c926ecd13",
        "type": "message",
        "text": "<@U01EGU2HJ87>: taking into account HW trends, there’s a baseline performance\/cost tradeoff we should adhere to",
        "user": "U01F23RNLA0",
        "ts": "1605641233.009800",
        "team": "T01ESRT4L21",
        "user_team": "T01ESRT4L21",
        "source_team": "T01ESRT4L21",
        "user_profile": {
            "avatar_hash": "4d348e9be4cd",
            "image_72": "https:\/\/avatars.slack-edge.com\/2020-11-16\/1491268124327_4d348e9be4cd013db6d3_72.jpg",
            "first_name": "Joe",
            "real_name": "Joe Hellerstein",
            "display_name": "Joe Hellerstein",
            "team": "T01ESRT4L21",
            "name": "hellerstein",
            "is_restricted": false,
            "is_ultra_restricted": false
        },
        "blocks": [
            {
                "type": "rich_text",
                "block_id": "nUPaV",
                "elements": [
                    {
                        "type": "rich_text_section",
                        "elements": [
                            {
                                "type": "user",
                                "user_id": "U01EGU2HJ87"
                            },
                            {
                                "type": "text",
                                "text": ": taking into account HW trends, there’s a baseline performance\/cost tradeoff we should adhere to"
                            }
                        ]
                    }
                ]
            }
        ],
        "thread_ts": "1605641233.009800",
        "reply_count": 1,
        "reply_users_count": 1,
        "latest_reply": "1605641396.011100",
        "reply_users": [
            "U01FMJFKH7A"
        ],
        "replies": [
            {
                "user": "U01FMJFKH7A",
                "ts": "1605641396.011100"
            }
        ],
        "subscribed": true,
        "last_read": "1605641233.009800"
    },
    {
        "client_msg_id": "20f57237-e955-4541-b909-336a598f77ad",
        "type": "message",
        "text": "Much interest in further language design.",
        "user": "U01F23RNLA0",
        "ts": "1605641308.010200",
        "team": "T01ESRT4L21",
        "user_team": "T01ESRT4L21",
        "source_team": "T01ESRT4L21",
        "user_profile": {
            "avatar_hash": "4d348e9be4cd",
            "image_72": "https:\/\/avatars.slack-edge.com\/2020-11-16\/1491268124327_4d348e9be4cd013db6d3_72.jpg",
            "first_name": "Joe",
            "real_name": "Joe Hellerstein",
            "display_name": "Joe Hellerstein",
            "team": "T01ESRT4L21",
            "name": "hellerstein",
            "is_restricted": false,
            "is_ultra_restricted": false
        },
        "blocks": [
            {
                "type": "rich_text",
                "block_id": "Gmzeg",
                "elements": [
                    {
                        "type": "rich_text_section",
                        "elements": [
                            {
                                "type": "text",
                                "text": "Much interest in further language design."
                            }
                        ]
                    }
                ]
            }
        ]
    },
    {
        "client_msg_id": "372b1059-0ee6-45dd-8d0c-0cfc19d7c0b5",
        "type": "message",
        "text": "Model needs to support the orders of magnitude gaps between storage tiers. Applications need to be able to get the ~100ns latencies of local memory while still playing nice with the storage system that may eventually need to interact with 10s ms remote storage media.",
        "user": "U01FMJFKH7A",
        "ts": "1605641396.011100",
        "team": "T01ESRT4L21",
        "user_team": "T01ESRT4L21",
        "source_team": "T01ESRT4L21",
        "user_profile": {
            "avatar_hash": "g08acf0a27e8",
            "image_72": "https:\/\/secure.gravatar.com\/avatar\/08acf0a27e843fe5509287e13e11e467.jpg?s=72&d=https%3A%2F%2Fa.slack-edge.com%2Fdf10d%2Fimg%2Favatars%2Fava_0020-72.png",
            "first_name": "",
            "real_name": "Nathan Pemberton",
            "display_name": "Nathan Pemberton",
            "team": "T01ESRT4L21",
            "name": "nathanp",
            "is_restricted": false,
            "is_ultra_restricted": false
        },
        "blocks": [
            {
                "type": "rich_text",
                "block_id": "VD9D",
                "elements": [
                    {
                        "type": "rich_text_section",
                        "elements": [
                            {
                                "type": "text",
                                "text": "Model needs to support the orders of magnitude gaps between storage tiers. Applications need to be able to get the ~100ns latencies of local memory while still playing nice with the storage system that may eventually need to interact with 10s ms remote storage media."
                            }
                        ]
                    }
                ]
            }
        ],
        "thread_ts": "1605641233.009800",
        "parent_user_id": "U01F23RNLA0"
    },
    {
        "client_msg_id": "82428ecb-471c-40fb-9835-32b9e633fcf1",
        "type": "message",
        "text": "Sebastian Burckhardt: I’m setting aside replication, looking at serverless programming in the separation of compute and storage. E.g. for workflow execution what is the meaning of consistency that causally depends on each other?",
        "user": "U01F23RNLA0",
        "ts": "1605641403.011400",
        "team": "T01ESRT4L21",
        "user_team": "T01ESRT4L21",
        "source_team": "T01ESRT4L21",
        "user_profile": {
            "avatar_hash": "4d348e9be4cd",
            "image_72": "https:\/\/avatars.slack-edge.com\/2020-11-16\/1491268124327_4d348e9be4cd013db6d3_72.jpg",
            "first_name": "Joe",
            "real_name": "Joe Hellerstein",
            "display_name": "Joe Hellerstein",
            "team": "T01ESRT4L21",
            "name": "hellerstein",
            "is_restricted": false,
            "is_ultra_restricted": false
        },
        "blocks": [
            {
                "type": "rich_text",
                "block_id": "Evg",
                "elements": [
                    {
                        "type": "rich_text_section",
                        "elements": [
                            {
                                "type": "text",
                                "text": "Sebastian Burckhardt: I’m setting aside replication, looking at serverless programming in the separation of compute and storage. E.g. for workflow execution what is the meaning of consistency that causally depends on each other?"
                            }
                        ]
                    }
                ]
            }
        ]
    },
    {
        "client_msg_id": "d3e8aea5-4022-4ed4-a096-54e0a214cbe6",
        "type": "message",
        "text": "What’s really new?",
        "user": "U01F23RNLA0",
        "ts": "1605641558.011700",
        "team": "T01ESRT4L21",
        "user_team": "T01ESRT4L21",
        "source_team": "T01ESRT4L21",
        "user_profile": {
            "avatar_hash": "4d348e9be4cd",
            "image_72": "https:\/\/avatars.slack-edge.com\/2020-11-16\/1491268124327_4d348e9be4cd013db6d3_72.jpg",
            "first_name": "Joe",
            "real_name": "Joe Hellerstein",
            "display_name": "Joe Hellerstein",
            "team": "T01ESRT4L21",
            "name": "hellerstein",
            "is_restricted": false,
            "is_ultra_restricted": false
        },
        "blocks": [
            {
                "type": "rich_text",
                "block_id": "UdXv",
                "elements": [
                    {
                        "type": "rich_text_section",
                        "elements": [
                            {
                                "type": "text",
                                "text": "What’s really new?"
                            }
                        ]
                    }
                ]
            }
        ],
        "thread_ts": "1605641558.011700",
        "reply_count": 4,
        "reply_users_count": 1,
        "latest_reply": "1605642223.014100",
        "reply_users": [
            "U01F23RNLA0"
        ],
        "replies": [
            {
                "user": "U01F23RNLA0",
                "ts": "1605641579.011800"
            },
            {
                "user": "U01F23RNLA0",
                "ts": "1605641605.012000"
            },
            {
                "user": "U01F23RNLA0",
                "ts": "1605641634.012200"
            },
            {
                "user": "U01F23RNLA0",
                "ts": "1605642223.014100"
            }
        ],
        "subscribed": true,
        "last_read": "1605642223.014100"
    },
    {
        "client_msg_id": "da7b7277-e906-4470-a15c-a0a5e184958a",
        "type": "message",
        "text": "<@U01EP8RNY9L> speaking to relative performance changes in HW given end of Moore’s Law.",
        "user": "U01F23RNLA0",
        "ts": "1605641579.011800",
        "team": "T01ESRT4L21",
        "user_team": "T01ESRT4L21",
        "source_team": "T01ESRT4L21",
        "user_profile": {
            "avatar_hash": "4d348e9be4cd",
            "image_72": "https:\/\/avatars.slack-edge.com\/2020-11-16\/1491268124327_4d348e9be4cd013db6d3_72.jpg",
            "first_name": "Joe",
            "real_name": "Joe Hellerstein",
            "display_name": "Joe Hellerstein",
            "team": "T01ESRT4L21",
            "name": "hellerstein",
            "is_restricted": false,
            "is_ultra_restricted": false
        },
        "blocks": [
            {
                "type": "rich_text",
                "block_id": "30Z",
                "elements": [
                    {
                        "type": "rich_text_section",
                        "elements": [
                            {
                                "type": "user",
                                "user_id": "U01EP8RNY9L"
                            },
                            {
                                "type": "text",
                                "text": " speaking to relative performance changes in HW given end of Moore’s Law."
                            }
                        ]
                    }
                ]
            }
        ],
        "thread_ts": "1605641558.011700",
        "parent_user_id": "U01F23RNLA0"
    },
    {
        "client_msg_id": "677bd973-1ebc-4b2a-8cec-d33e2e683c59",
        "type": "message",
        "text": "example: adaptive batching in Ambrosia",
        "user": "U01F23RNLA0",
        "ts": "1605641605.012000",
        "team": "T01ESRT4L21",
        "user_team": "T01ESRT4L21",
        "source_team": "T01ESRT4L21",
        "user_profile": {
            "avatar_hash": "4d348e9be4cd",
            "image_72": "https:\/\/avatars.slack-edge.com\/2020-11-16\/1491268124327_4d348e9be4cd013db6d3_72.jpg",
            "first_name": "Joe",
            "real_name": "Joe Hellerstein",
            "display_name": "Joe Hellerstein",
            "team": "T01ESRT4L21",
            "name": "hellerstein",
            "is_restricted": false,
            "is_ultra_restricted": false
        },
        "blocks": [
            {
                "type": "rich_text",
                "block_id": "DwN",
                "elements": [
                    {
                        "type": "rich_text_section",
                        "elements": [
                            {
                                "type": "text",
                                "text": "example: adaptive batching in Ambrosia"
                            }
                        ]
                    }
                ]
            }
        ],
        "thread_ts": "1605641558.011700",
        "parent_user_id": "U01F23RNLA0"
    },
    {
        "client_msg_id": "9b8b232d-a1a4-4f5c-8db8-b2c6925de07e",
        "type": "message",
        "text": "“more conversation before coordination”",
        "user": "U01F23RNLA0",
        "ts": "1605641634.012200",
        "team": "T01ESRT4L21",
        "user_team": "T01ESRT4L21",
        "source_team": "T01ESRT4L21",
        "user_profile": {
            "avatar_hash": "4d348e9be4cd",
            "image_72": "https:\/\/avatars.slack-edge.com\/2020-11-16\/1491268124327_4d348e9be4cd013db6d3_72.jpg",
            "first_name": "Joe",
            "real_name": "Joe Hellerstein",
            "display_name": "Joe Hellerstein",
            "team": "T01ESRT4L21",
            "name": "hellerstein",
            "is_restricted": false,
            "is_ultra_restricted": false
        },
        "blocks": [
            {
                "type": "rich_text",
                "block_id": "ESyzN",
                "elements": [
                    {
                        "type": "rich_text_section",
                        "elements": [
                            {
                                "type": "text",
                                "text": "“more conversation before coordination”"
                            }
                        ]
                    }
                ]
            }
        ],
        "thread_ts": "1605641558.011700",
        "parent_user_id": "U01F23RNLA0"
    },
    {
        "client_msg_id": "f3b01ac4-97cb-4a2f-aa67-8218564829fe",
        "type": "message",
        "text": "<@U01EP8RNY9L> separate contention handling from reliability handling",
        "user": "U01F23RNLA0",
        "ts": "1605641945.012700",
        "team": "T01ESRT4L21",
        "user_team": "T01ESRT4L21",
        "source_team": "T01ESRT4L21",
        "user_profile": {
            "avatar_hash": "4d348e9be4cd",
            "image_72": "https:\/\/avatars.slack-edge.com\/2020-11-16\/1491268124327_4d348e9be4cd013db6d3_72.jpg",
            "first_name": "Joe",
            "real_name": "Joe Hellerstein",
            "display_name": "Joe Hellerstein",
            "team": "T01ESRT4L21",
            "name": "hellerstein",
            "is_restricted": false,
            "is_ultra_restricted": false
        },
        "blocks": [
            {
                "type": "rich_text",
                "block_id": "s4O",
                "elements": [
                    {
                        "type": "rich_text_section",
                        "elements": [
                            {
                                "type": "user",
                                "user_id": "U01EP8RNY9L"
                            },
                            {
                                "type": "text",
                                "text": " separate contention handling from reliability handling"
                            }
                        ]
                    }
                ]
            }
        ]
    },
    {
        "client_msg_id": "311adcd8-98cd-4db3-943b-a62336dd9f50",
        "type": "message",
        "text": "Assertion: using contention-solving mechanisms for reliability is a bad idea.",
        "user": "U01F23RNLA0",
        "ts": "1605642022.013000",
        "team": "T01ESRT4L21",
        "user_team": "T01ESRT4L21",
        "source_team": "T01ESRT4L21",
        "user_profile": {
            "avatar_hash": "4d348e9be4cd",
            "image_72": "https:\/\/avatars.slack-edge.com\/2020-11-16\/1491268124327_4d348e9be4cd013db6d3_72.jpg",
            "first_name": "Joe",
            "real_name": "Joe Hellerstein",
            "display_name": "Joe Hellerstein",
            "team": "T01ESRT4L21",
            "name": "hellerstein",
            "is_restricted": false,
            "is_ultra_restricted": false
        },
        "edited": {
            "user": "U01F23RNLA0",
            "ts": "1605642033.000000"
        },
        "blocks": [
            {
                "type": "rich_text",
                "block_id": "TsAv+",
                "elements": [
                    {
                        "type": "rich_text_section",
                        "elements": [
                            {
                                "type": "text",
                                "text": "Assertion: using contention-solving mechanisms for reliability is a bad idea."
                            }
                        ]
                    }
                ]
            }
        ]
    },
    {
        "client_msg_id": "53b9ea47-689e-48fa-b6c0-9d9c56f3c4f7",
        "type": "message",
        "text": "Counter-argument: without contention, reliability is easy.",
        "user": "U01F23RNLA0",
        "ts": "1605642134.013500",
        "team": "T01ESRT4L21",
        "user_team": "T01ESRT4L21",
        "source_team": "T01ESRT4L21",
        "user_profile": {
            "avatar_hash": "4d348e9be4cd",
            "image_72": "https:\/\/avatars.slack-edge.com\/2020-11-16\/1491268124327_4d348e9be4cd013db6d3_72.jpg",
            "first_name": "Joe",
            "real_name": "Joe Hellerstein",
            "display_name": "Joe Hellerstein",
            "team": "T01ESRT4L21",
            "name": "hellerstein",
            "is_restricted": false,
            "is_ultra_restricted": false
        },
        "blocks": [
            {
                "type": "rich_text",
                "block_id": "Ld37N",
                "elements": [
                    {
                        "type": "rich_text_section",
                        "elements": [
                            {
                                "type": "text",
                                "text": "Counter-argument: without contention, reliability is easy."
                            }
                        ]
                    }
                ]
            }
        ]
    },
    {
        "type": "message",
        "subtype": "channel_join",
        "ts": "1605642203.013700",
        "user": "U01EW5L8EQ2",
        "text": "<@U01EW5L8EQ2> has joined the channel"
    },
    {
        "client_msg_id": "2ebc8924-5183-47c4-bedf-f38708b51b8e",
        "type": "message",
        "text": "Discussion ensues regarding the desire to avoid coordination.",
        "user": "U01F23RNLA0",
        "ts": "1605642216.014000",
        "team": "T01ESRT4L21",
        "user_team": "T01ESRT4L21",
        "source_team": "T01ESRT4L21",
        "user_profile": {
            "avatar_hash": "4d348e9be4cd",
            "image_72": "https:\/\/avatars.slack-edge.com\/2020-11-16\/1491268124327_4d348e9be4cd013db6d3_72.jpg",
            "first_name": "Joe",
            "real_name": "Joe Hellerstein",
            "display_name": "Joe Hellerstein",
            "team": "T01ESRT4L21",
            "name": "hellerstein",
            "is_restricted": false,
            "is_ultra_restricted": false
        },
        "blocks": [
            {
                "type": "rich_text",
                "block_id": "TFw1e",
                "elements": [
                    {
                        "type": "rich_text_section",
                        "elements": [
                            {
                                "type": "text",
                                "text": "Discussion ensues regarding the desire to avoid coordination."
                            }
                        ]
                    }
                ]
            }
        ]
    },
    {
        "client_msg_id": "21e0d80c-4802-49e4-a37c-3e87883efca8",
        "type": "message",
        "text": "Elasticity\/autoscaling!",
        "user": "U01F23RNLA0",
        "ts": "1605642223.014100",
        "team": "T01ESRT4L21",
        "user_team": "T01ESRT4L21",
        "source_team": "T01ESRT4L21",
        "user_profile": {
            "avatar_hash": "4d348e9be4cd",
            "image_72": "https:\/\/avatars.slack-edge.com\/2020-11-16\/1491268124327_4d348e9be4cd013db6d3_72.jpg",
            "first_name": "Joe",
            "real_name": "Joe Hellerstein",
            "display_name": "Joe Hellerstein",
            "team": "T01ESRT4L21",
            "name": "hellerstein",
            "is_restricted": false,
            "is_ultra_restricted": false
        },
        "blocks": [
            {
                "type": "rich_text",
                "block_id": "RDlYH",
                "elements": [
                    {
                        "type": "rich_text_section",
                        "elements": [
                            {
                                "type": "text",
                                "text": "Elasticity\/autoscaling!"
                            }
                        ]
                    }
                ]
            }
        ],
        "thread_ts": "1605641558.011700",
        "parent_user_id": "U01F23RNLA0"
    },
    {
        "client_msg_id": "9fcf75da-60e0-4bfd-9baa-e6a07e96981c",
        "type": "message",
        "text": "FASTER under contention has limits. Different tradeoff from Anna which does well under contention.",
        "user": "U01F23RNLA0",
        "ts": "1605642283.014700",
        "team": "T01ESRT4L21",
        "user_team": "T01ESRT4L21",
        "source_team": "T01ESRT4L21",
        "user_profile": {
            "avatar_hash": "4d348e9be4cd",
            "image_72": "https:\/\/avatars.slack-edge.com\/2020-11-16\/1491268124327_4d348e9be4cd013db6d3_72.jpg",
            "first_name": "Joe",
            "real_name": "Joe Hellerstein",
            "display_name": "Joe Hellerstein",
            "team": "T01ESRT4L21",
            "name": "hellerstein",
            "is_restricted": false,
            "is_ultra_restricted": false
        },
        "blocks": [
            {
                "type": "rich_text",
                "block_id": "6qNz",
                "elements": [
                    {
                        "type": "rich_text_section",
                        "elements": [
                            {
                                "type": "text",
                                "text": "FASTER under contention has limits. Different tradeoff from Anna which does well under contention."
                            }
                        ]
                    }
                ]
            }
        ],
        "thread_ts": "1605642283.014700",
        "reply_count": 1,
        "reply_users_count": 1,
        "latest_reply": "1605646100.021000",
        "reply_users": [
            "U01EGU2HJ87"
        ],
        "replies": [
            {
                "user": "U01EGU2HJ87",
                "ts": "1605646100.021000"
            }
        ],
        "subscribed": true,
        "last_read": "1605642283.014700"
    },
    {
        "client_msg_id": "e14b5b5a-61d8-47c6-885b-2a330be2b9d7",
        "type": "message",
        "text": "Stronger consistency model.",
        "user": "U01F23RNLA0",
        "ts": "1605642298.015000",
        "team": "T01ESRT4L21",
        "user_team": "T01ESRT4L21",
        "source_team": "T01ESRT4L21",
        "user_profile": {
            "avatar_hash": "4d348e9be4cd",
            "image_72": "https:\/\/avatars.slack-edge.com\/2020-11-16\/1491268124327_4d348e9be4cd013db6d3_72.jpg",
            "first_name": "Joe",
            "real_name": "Joe Hellerstein",
            "display_name": "Joe Hellerstein",
            "team": "T01ESRT4L21",
            "name": "hellerstein",
            "is_restricted": false,
            "is_ultra_restricted": false
        },
        "blocks": [
            {
                "type": "rich_text",
                "block_id": "dTBu2",
                "elements": [
                    {
                        "type": "rich_text_section",
                        "elements": [
                            {
                                "type": "text",
                                "text": "Stronger consistency model."
                            }
                        ]
                    }
                ]
            }
        ]
    },
    {
        "client_msg_id": "78b28690-9296-47d3-b72f-e7738540a70f",
        "type": "message",
        "text": "Ambrosia offers a fundamental form of contention-handling: linearization of ops.",
        "user": "U01F23RNLA0",
        "ts": "1605642449.015600",
        "team": "T01ESRT4L21",
        "user_team": "T01ESRT4L21",
        "source_team": "T01ESRT4L21",
        "user_profile": {
            "avatar_hash": "4d348e9be4cd",
            "image_72": "https:\/\/avatars.slack-edge.com\/2020-11-16\/1491268124327_4d348e9be4cd013db6d3_72.jpg",
            "first_name": "Joe",
            "real_name": "Joe Hellerstein",
            "display_name": "Joe Hellerstein",
            "team": "T01ESRT4L21",
            "name": "hellerstein",
            "is_restricted": false,
            "is_ultra_restricted": false
        },
        "blocks": [
            {
                "type": "rich_text",
                "block_id": "DLY",
                "elements": [
                    {
                        "type": "rich_text_section",
                        "elements": [
                            {
                                "type": "text",
                                "text": "Ambrosia offers a fundamental form of contention-handling: linearization of ops."
                            }
                        ]
                    }
                ]
            }
        ]
    },
    {
        "client_msg_id": "97ebbcaf-5951-4b85-b2eb-211167c8c41f",
        "type": "message",
        "text": "(An aside) I think these 2 ideas are equivalent:\n1. Expensive operations that are replicated, such that bottlenecks in consistency\/replication are not important anymore.\n2. Batching messages.",
        "user": "U01EPA7K83Y",
        "ts": "1605642748.017900",
        "team": "T01ESRT4L21",
        "user_team": "T01ESRT4L21",
        "source_team": "T01ESRT4L21",
        "user_profile": {
            "avatar_hash": "cf0088bb5a4d",
            "image_72": "https:\/\/avatars.slack-edge.com\/2020-11-16\/1499347740614_cf0088bb5a4d7c50e844_72.jpg",
            "first_name": "",
            "real_name": "David Chu",
            "display_name": "David Chu",
            "team": "T01ESRT4L21",
            "name": "thedavidchu",
            "is_restricted": false,
            "is_ultra_restricted": false
        },
        "blocks": [
            {
                "type": "rich_text",
                "block_id": "ZQS",
                "elements": [
                    {
                        "type": "rich_text_section",
                        "elements": [
                            {
                                "type": "text",
                                "text": "(An aside) I think these 2 ideas are equivalent:\n"
                            }
                        ]
                    },
                    {
                        "type": "rich_text_list",
                        "elements": [
                            {
                                "type": "rich_text_section",
                                "elements": [
                                    {
                                        "type": "text",
                                        "text": "Expensive operations that are replicated, such that bottlenecks in consistency\/replication are not important anymore."
                                    }
                                ]
                            },
                            {
                                "type": "rich_text_section",
                                "elements": [
                                    {
                                        "type": "text",
                                        "text": "Batching messages."
                                    }
                                ]
                            }
                        ],
                        "style": "ordered",
                        "indent": 0
                    }
                ]
            }
        ]
    },
    {
        "client_msg_id": "c7167c3a-62d9-4dde-b774-85a01f28a2ff",
        "type": "message",
        "text": "Possible connection: Ambrosia &amp; Compartmentalized Paxos.",
        "user": "U01F23RNLA0",
        "ts": "1605643291.018400",
        "team": "T01ESRT4L21",
        "user_team": "T01ESRT4L21",
        "source_team": "T01ESRT4L21",
        "user_profile": {
            "avatar_hash": "4d348e9be4cd",
            "image_72": "https:\/\/avatars.slack-edge.com\/2020-11-16\/1491268124327_4d348e9be4cd013db6d3_72.jpg",
            "first_name": "Joe",
            "real_name": "Joe Hellerstein",
            "display_name": "Joe Hellerstein",
            "team": "T01ESRT4L21",
            "name": "hellerstein",
            "is_restricted": false,
            "is_ultra_restricted": false
        },
        "blocks": [
            {
                "type": "rich_text",
                "block_id": "iWR",
                "elements": [
                    {
                        "type": "rich_text_section",
                        "elements": [
                            {
                                "type": "text",
                                "text": "Possible connection: Ambrosia & Compartmentalized Paxos."
                            }
                        ]
                    }
                ]
            }
        ],
        "thread_ts": "1605643291.018400",
        "reply_count": 2,
        "reply_users_count": 2,
        "latest_reply": "1605643496.020100",
        "reply_users": [
            "U01F23RNLA0",
            "U01EPA7K83Y"
        ],
        "replies": [
            {
                "user": "U01F23RNLA0",
                "ts": "1605643336.019200"
            },
            {
                "user": "U01EPA7K83Y",
                "ts": "1605643496.020100"
            }
        ],
        "subscribed": true,
        "last_read": "1605643496.020100"
    },
    {
        "client_msg_id": "24a74caa-9cb4-410d-947d-ee6726f416e6",
        "type": "message",
        "text": "But possible Ambrosia’s logger doesn’t need more throughput",
        "user": "U01F23RNLA0",
        "ts": "1605643336.019200",
        "team": "T01ESRT4L21",
        "user_team": "T01ESRT4L21",
        "source_team": "T01ESRT4L21",
        "user_profile": {
            "avatar_hash": "4d348e9be4cd",
            "image_72": "https:\/\/avatars.slack-edge.com\/2020-11-16\/1491268124327_4d348e9be4cd013db6d3_72.jpg",
            "first_name": "Joe",
            "real_name": "Joe Hellerstein",
            "display_name": "Joe Hellerstein",
            "team": "T01ESRT4L21",
            "name": "hellerstein",
            "is_restricted": false,
            "is_ultra_restricted": false
        },
        "blocks": [
            {
                "type": "rich_text",
                "block_id": "wljf",
                "elements": [
                    {
                        "type": "rich_text_section",
                        "elements": [
                            {
                                "type": "text",
                                "text": "But possible Ambrosia’s logger doesn’t need more throughput"
                            }
                        ]
                    }
                ]
            }
        ],
        "thread_ts": "1605643291.018400",
        "parent_user_id": "U01F23RNLA0"
    },
    {
        "client_msg_id": "2c3c9a4b-6ca3-49da-8e03-c1cb483da872",
        "type": "message",
        "text": "Is Ambrosia's log writer (the immortal?) fault tolerant?",
        "user": "U01EPA7K83Y",
        "ts": "1605643496.020100",
        "team": "T01ESRT4L21",
        "user_team": "T01ESRT4L21",
        "source_team": "T01ESRT4L21",
        "user_profile": {
            "avatar_hash": "cf0088bb5a4d",
            "image_72": "https:\/\/avatars.slack-edge.com\/2020-11-16\/1499347740614_cf0088bb5a4d7c50e844_72.jpg",
            "first_name": "",
            "real_name": "David Chu",
            "display_name": "David Chu",
            "team": "T01ESRT4L21",
            "name": "thedavidchu",
            "is_restricted": false,
            "is_ultra_restricted": false
        },
        "blocks": [
            {
                "type": "rich_text",
                "block_id": "F9hiV",
                "elements": [
                    {
                        "type": "rich_text_section",
                        "elements": [
                            {
                                "type": "text",
                                "text": "Is Ambrosia's log writer (the immortal?) fault tolerant?"
                            }
                        ]
                    }
                ]
            }
        ],
        "thread_ts": "1605643291.018400",
        "parent_user_id": "U01F23RNLA0"
    },
    {
        "client_msg_id": "add1dfb4-6225-4799-a6b9-7fe5121e3c3e",
        "type": "message",
        "text": "<@U01EP8RNY9L> one interesting place to look for ideas of a resilient programming model is the PL-side work on NVRam.  NVRam gives you an odd guarantee --- you can request persistence, but you also just get randomly persisted as the application runs.  That means writing an application that can be resumed involves a whole lot of careful attention to what state is actually present, how it got there, and therefore where in the computation you should resume _from_.  It seems pretty similar to the challenges you were talking about!",
        "user": "U01EW6XN4LT",
        "ts": "1605643535.020900",
        "team": "T01ESRT4L21",
        "user_team": "T01ESRT4L21",
        "source_team": "T01ESRT4L21",
        "user_profile": {
            "avatar_hash": "gc5334a289f4",
            "image_72": "https:\/\/secure.gravatar.com\/avatar\/c5334a289f4a970adca54344f7e75d93.jpg?s=72&d=https%3A%2F%2Fa.slack-edge.com%2Fdf10d%2Fimg%2Favatars%2Fava_0001-72.png",
            "first_name": "",
            "real_name": "Matthew Milano",
            "display_name": "Matthew Milano",
            "team": "T01ESRT4L21",
            "name": "mpmilano",
            "is_restricted": false,
            "is_ultra_restricted": false
        },
        "blocks": [
            {
                "type": "rich_text",
                "block_id": "vbkH",
                "elements": [
                    {
                        "type": "rich_text_section",
                        "elements": [
                            {
                                "type": "user",
                                "user_id": "U01EP8RNY9L"
                            },
                            {
                                "type": "text",
                                "text": " one interesting place to look for ideas of a resilient programming model is the PL-side work on NVRam.  NVRam gives you an odd guarantee --- you can request persistence, but you also just get randomly persisted as the application runs.  That means writing an application that can be resumed involves a whole lot of careful attention to what state is actually present, how it got there, and therefore where in the computation you should resume "
                            },
                            {
                                "type": "text",
                                "text": "from",
                                "style": {
                                    "italic": true
                                }
                            },
                            {
                                "type": "text",
                                "text": ".  It seems pretty similar to the challenges you were talking about!"
                            }
                        ]
                    }
                ]
            }
        ]
    },
    {
        "client_msg_id": "0b02c77b-4eaf-4cb2-9820-d24b4ab837da",
        "type": "message",
        "text": "I would also add that while the contention limit exists theoretically, I have not yet seen a real workload where it has manifested itself.",
        "user": "U01EGU2HJ87",
        "ts": "1605646100.021000",
        "team": "T01ESRT4L21",
        "user_team": "T01ESRT4L21",
        "source_team": "T01ESRT4L21",
        "user_profile": {
            "avatar_hash": "g82daae7f2c0",
            "image_72": "https:\/\/secure.gravatar.com\/avatar\/82daae7f2c07b87d1be2f898e7fd984d.jpg?s=72&d=https%3A%2F%2Fa.slack-edge.com%2Fdf10d%2Fimg%2Favatars%2Fava_0011-72.png",
            "first_name": "",
            "real_name": "Badrish Chandramouli",
            "display_name": "Badrish Chandramouli",
            "team": "T01ESRT4L21",
            "name": "badrishc",
            "is_restricted": false,
            "is_ultra_restricted": false
        },
        "blocks": [
            {
                "type": "rich_text",
                "block_id": "L4m",
                "elements": [
                    {
                        "type": "rich_text_section",
                        "elements": [
                            {
                                "type": "text",
                                "text": "I would also add that while the contention limit exists theoretically, I have not yet seen a real workload where it has manifested itself."
                            }
                        ]
                    }
                ]
            }
        ],
        "thread_ts": "1605642283.014700",
        "parent_user_id": "U01F23RNLA0"
    }
]