[
{
    "id": "C01ESRT53NH",
    "name": "random",
    "created": 1605576173,
    "creator": "U01F23RNLA0",
    "is_archived": false,
    "is_general": false,
    "members": [
        "U01EF8YEP9V",
        "U01EFJZQACX",
        "U01EGU2HJ87",
        "U01EH0F9XCP",
        "U01EH5J0J0P",
        "U01EH7G66ET",
        "U01EP892ZGE",
        "U01EP8RNY9L",
        "U01EPA7K83Y",
        "U01ERKJC91U",
        "U01EST0RQAZ",
        "U01EST7GBEZ",
        "U01EUHE4869",
        "U01EUKEAYR3",
        "U01EV0Q9TK7",
        "U01EW11ETKL",
        "U01EW16T96W",
        "U01EW5L8EQ2",
        "U01EW6XN4LT",
        "U01EWFEPW03",
        "U01EXRVGM51",
        "U01EXTKFQ2X",
        "U01EXUEGK5H",
        "U01EY0G9Y1G",
        "U01F23RNLA0",
        "U01F40Z6H36",
        "U01F42CKULC",
        "U01F8JQFA1F",
        "U01FACSV68Z",
        "U01FL3A6TJL",
        "U01FMJFKH7A",
        "U01FMN67REU"
    ],
    "topic": {
        "value": "",
        "creator": "",
        "last_set": 0
    },
    "purpose": {
        "value": "This channel is for... well, everything else. It’s a place for team jokes, spur-of-the-moment ideas, and funny GIFs. Go wild!",
        "creator": "U01F23RNLA0",
        "last_set": 1605576173
    }
},
{
    "id": "C01F4FWQMRA",
    "name": "discussion-session",
    "created": 1605639976,
    "creator": "U01F23RNLA0",
    "is_archived": false,
    "is_general": false,
    "members": [
        "U01EF8YEP9V",
        "U01EGU2HJ87",
        "U01EH0F9XCP",
        "U01EP892ZGE",
        "U01EP8RNY9L",
        "U01EPA7K83Y",
        "U01EST0RQAZ",
        "U01EST7GBEZ",
        "U01EUHE4869",
        "U01EUKEAYR3",
        "U01EW11ETKL",
        "U01EW16T96W",
        "U01EW5L8EQ2",
        "U01EW6XN4LT",
        "U01EXRVGM51",
        "U01EXUEGK5H",
        "U01F23RNLA0",
        "U01FMJFKH7A"
    ],
    "topic": {
        "value": "",
        "creator": "",
        "last_set": 0
    },
    "purpose": {
        "value": "",
        "creator": "",
        "last_set": 0
    }
},
{
    "id": "C01FKPRJLLQ",
    "name": "general",
    "created": 1605576173,
    "creator": "U01F23RNLA0",
    "is_archived": false,
    "is_general": true,
    "members": [
        "U01EF8YEP9V",
        "U01EFJZQACX",
        "U01EGU2HJ87",
        "U01EH0F9XCP",
        "U01EH5J0J0P",
        "U01EH7G66ET",
        "U01EP892ZGE",
        "U01EP8RNY9L",
        "U01EPA7K83Y",
        "U01ERKJC91U",
        "U01EST0RQAZ",
        "U01EST7GBEZ",
        "U01EUHE4869",
        "U01EUKEAYR3",
        "U01EV0Q9TK7",
        "U01EW11ETKL",
        "U01EW16T96W",
        "U01EW5L8EQ2",
        "U01EW6XN4LT",
        "U01EWFEPW03",
        "U01EXRVGM51",
        "U01EXTKFQ2X",
        "U01EXUEGK5H",
        "U01EY0G9Y1G",
        "U01F23RNLA0",
        "U01F40Z6H36",
        "U01F42CKULC",
        "U01F8JQFA1F",
        "U01FACSV68Z",
        "U01FL3A6TJL",
        "U01FMJFKH7A",
        "U01FMN67REU"
    ],
    "topic": {
        "value": "",
        "creator": "",
        "last_set": 0
    },
    "purpose": {
        "value": "This is the one channel that will always include everyone. It’s a great spot for announcements and team-wide conversations.",
        "creator": "U01F23RNLA0",
        "last_set": 1605576173
    }
},
{
    "id": "C01FKPUE9HN",
    "name": "berkeleytalks",
    "created": 1605576290,
    "creator": "U01F23RNLA0",
    "is_archived": false,
    "is_general": false,
    "members": [
        "U01EF8YEP9V",
        "U01EFJZQACX",
        "U01EGU2HJ87",
        "U01EH0F9XCP",
        "U01EH5J0J0P",
        "U01EH7G66ET",
        "U01EP892ZGE",
        "U01EP8RNY9L",
        "U01EPA7K83Y",
        "U01ERKJC91U",
        "U01EST0RQAZ",
        "U01EST7GBEZ",
        "U01EUHE4869",
        "U01EUKEAYR3",
        "U01EV0Q9TK7",
        "U01EW11ETKL",
        "U01EW16T96W",
        "U01EW5L8EQ2",
        "U01EW6XN4LT",
        "U01EWFEPW03",
        "U01EXRVGM51",
        "U01EXTKFQ2X",
        "U01EXUEGK5H",
        "U01EY0G9Y1G",
        "U01F23RNLA0",
        "U01F40Z6H36",
        "U01F42CKULC",
        "U01F8JQFA1F",
        "U01FACSV68Z",
        "U01FL3A6TJL",
        "U01FMJFKH7A",
        "U01FMN67REU"
    ],
    "topic": {
        "value": "8:00: Welcome and Hydro Project Overview (J Hellerstein)\n8:10-8:40: Cloudburst and Anna (C Wu)\n8:40-9:10: Compartmentalizing and Autoscaling Consensus (M Whittaker, K Shivakumar, D Chu)\n9:10-9:30: Hydro's Faceted Approach to Cloud Programming",
        "creator": "U01EW11ETKL",
        "last_set": 1605599900
    },
    "purpose": {
        "value": "This *channel* is for working on a project. Hold meetings, share docs, and make decisions together with your team.",
        "creator": "U01F23RNLA0",
        "last_set": 1605576290
    }
},
{
    "id": "C01FKRF077A",
    "name": "mstalks",
    "created": 1605578490,
    "creator": "U01F23RNLA0",
    "is_archived": false,
    "is_general": false,
    "members": [
        "U01EF8YEP9V",
        "U01EFJZQACX",
        "U01EGU2HJ87",
        "U01EH0F9XCP",
        "U01EH5J0J0P",
        "U01EH7G66ET",
        "U01EP892ZGE",
        "U01EP8RNY9L",
        "U01EPA7K83Y",
        "U01ERKJC91U",
        "U01EST0RQAZ",
        "U01EST7GBEZ",
        "U01EUHE4869",
        "U01EUKEAYR3",
        "U01EV0Q9TK7",
        "U01EW11ETKL",
        "U01EW16T96W",
        "U01EW5L8EQ2",
        "U01EW6XN4LT",
        "U01EWFEPW03",
        "U01EXRVGM51",
        "U01EXTKFQ2X",
        "U01EXUEGK5H",
        "U01EY0G9Y1G",
        "U01F23RNLA0",
        "U01F40Z6H36",
        "U01F42CKULC",
        "U01F8JQFA1F",
        "U01FACSV68Z",
        "U01FL3A6TJL",
        "U01FMJFKH7A",
        "U01FMN67REU"
    ],
    "topic": {
        "value": "9:40-9:50: Surface Fleet Video\n9:50-10:30: Jonathan\n10:30-11:10: Badrish",
        "creator": "U01EW11ETKL",
        "last_set": 1605599964
    },
    "purpose": {
        "value": "",
        "creator": "",
        "last_set": 0
    }
}
]