[
{"id":"U01EF8YEP9V","team_id":"T01ESRT4L21","name":"yuhongc","deleted":false,"color":"2b6836","real_name":"Yuhong Chen","tz":"America\/New_York","tz_label":"Eastern Standard Time","tz_offset":-18000,"profile":{"title":"","phone":"","skype":"","real_name":"Yuhong Chen","real_name_normalized":"Yuhong Chen","display_name":"","display_name_normalized":"","fields":null,"status_text":"","status_emoji":"","status_expiration":0,"avatar_hash":"g3c1b03c2863","email":"yuhongc@berkeley.edu","image_24":"https:\/\/secure.gravatar.com\/avatar\/3c1b03c28630b7d60d58af4554c21d9e.jpg?s=24&d=https%3A%2F%2Fa.slack-edge.com%2Fdf10d%2Fimg%2Favatars%2Fava_0024-24.png","image_32":"https:\/\/secure.gravatar.com\/avatar\/3c1b03c28630b7d60d58af4554c21d9e.jpg?s=32&d=https%3A%2F%2Fa.slack-edge.com%2Fdf10d%2Fimg%2Favatars%2Fava_0024-32.png","image_48":"https:\/\/secure.gravatar.com\/avatar\/3c1b03c28630b7d60d58af4554c21d9e.jpg?s=48&d=https%3A%2F%2Fa.slack-edge.com%2Fdf10d%2Fimg%2Favatars%2Fava_0024-48.png","image_72":"https:\/\/secure.gravatar.com\/avatar\/3c1b03c28630b7d60d58af4554c21d9e.jpg?s=72&d=https%3A%2F%2Fa.slack-edge.com%2Fdf10d%2Fimg%2Favatars%2Fava_0024-72.png","image_192":"https:\/\/secure.gravatar.com\/avatar\/3c1b03c28630b7d60d58af4554c21d9e.jpg?s=192&d=https%3A%2F%2Fa.slack-edge.com%2Fdf10d%2Fimg%2Favatars%2Fava_0024-192.png","image_512":"https:\/\/secure.gravatar.com\/avatar\/3c1b03c28630b7d60d58af4554c21d9e.jpg?s=512&d=https%3A%2F%2Fa.slack-edge.com%2Fdf10d%2Fimg%2Favatars%2Fava_0024-512.png","status_text_canonical":"","team":"T01ESRT4L21"},"is_admin":false,"is_owner":false,"is_primary_owner":false,"is_restricted":false,"is_ultra_restricted":false,"is_bot":false,"is_app_user":false,"updated":1605579439},
{"id":"U01EFJZQACX","team_id":"T01ESRT4L21","name":"accheng","deleted":false,"color":"d58247","real_name":"Audrey Cheng","tz":"America\/Los_Angeles","tz_label":"Pacific Standard Time","tz_offset":-28800,"profile":{"title":"","phone":"","skype":"","real_name":"Audrey Cheng","real_name_normalized":"Audrey Cheng","display_name":"Audrey Cheng","display_name_normalized":"Audrey Cheng","fields":null,"status_text":"","status_emoji":"","status_expiration":0,"avatar_hash":"gaf7314b3184","email":"accheng@berkeley.edu","image_24":"https:\/\/secure.gravatar.com\/avatar\/af7314b318497a1ff3bf5b713b953f49.jpg?s=24&d=https%3A%2F%2Fa.slack-edge.com%2Fdf10d%2Fimg%2Favatars%2Fava_0023-24.png","image_32":"https:\/\/secure.gravatar.com\/avatar\/af7314b318497a1ff3bf5b713b953f49.jpg?s=32&d=https%3A%2F%2Fa.slack-edge.com%2Fdf10d%2Fimg%2Favatars%2Fava_0023-32.png","image_48":"https:\/\/secure.gravatar.com\/avatar\/af7314b318497a1ff3bf5b713b953f49.jpg?s=48&d=https%3A%2F%2Fa.slack-edge.com%2Fdf10d%2Fimg%2Favatars%2Fava_0023-48.png","image_72":"https:\/\/secure.gravatar.com\/avatar\/af7314b318497a1ff3bf5b713b953f49.jpg?s=72&d=https%3A%2F%2Fa.slack-edge.com%2Fdf10d%2Fimg%2Favatars%2Fava_0023-72.png","image_192":"https:\/\/secure.gravatar.com\/avatar\/af7314b318497a1ff3bf5b713b953f49.jpg?s=192&d=https%3A%2F%2Fa.slack-edge.com%2Fdf10d%2Fimg%2Favatars%2Fava_0023-192.png","image_512":"https:\/\/secure.gravatar.com\/avatar\/af7314b318497a1ff3bf5b713b953f49.jpg?s=512&d=https%3A%2F%2Fa.slack-edge.com%2Fdf10d%2Fimg%2Favatars%2Fava_0023-512.png","status_text_canonical":"","team":"T01ESRT4L21"},"is_admin":false,"is_owner":false,"is_primary_owner":false,"is_restricted":false,"is_ultra_restricted":false,"is_bot":false,"is_app_user":false,"updated":1605595733},
{"id":"U01EGU2HJ87","team_id":"T01ESRT4L21","name":"badrishc","deleted":false,"color":"db3150","real_name":"Badrish Chandramouli","tz":"America\/Los_Angeles","tz_label":"Pacific Standard Time","tz_offset":-28800,"profile":{"title":"","phone":"","skype":"","real_name":"Badrish Chandramouli","real_name_normalized":"Badrish Chandramouli","display_name":"Badrish Chandramouli","display_name_normalized":"Badrish Chandramouli","fields":null,"status_text":"","status_emoji":"","status_expiration":0,"avatar_hash":"g82daae7f2c0","email":"badrishc@microsoft.com","image_24":"https:\/\/secure.gravatar.com\/avatar\/82daae7f2c07b87d1be2f898e7fd984d.jpg?s=24&d=https%3A%2F%2Fa.slack-edge.com%2Fdf10d%2Fimg%2Favatars%2Fava_0011-24.png","image_32":"https:\/\/secure.gravatar.com\/avatar\/82daae7f2c07b87d1be2f898e7fd984d.jpg?s=32&d=https%3A%2F%2Fa.slack-edge.com%2Fdf10d%2Fimg%2Favatars%2Fava_0011-32.png","image_48":"https:\/\/secure.gravatar.com\/avatar\/82daae7f2c07b87d1be2f898e7fd984d.jpg?s=48&d=https%3A%2F%2Fa.slack-edge.com%2Fdf10d%2Fimg%2Favatars%2Fava_0011-48.png","image_72":"https:\/\/secure.gravatar.com\/avatar\/82daae7f2c07b87d1be2f898e7fd984d.jpg?s=72&d=https%3A%2F%2Fa.slack-edge.com%2Fdf10d%2Fimg%2Favatars%2Fava_0011-72.png","image_192":"https:\/\/secure.gravatar.com\/avatar\/82daae7f2c07b87d1be2f898e7fd984d.jpg?s=192&d=https%3A%2F%2Fa.slack-edge.com%2Fdf10d%2Fimg%2Favatars%2Fava_0011-192.png","image_512":"https:\/\/secure.gravatar.com\/avatar\/82daae7f2c07b87d1be2f898e7fd984d.jpg?s=512&d=https%3A%2F%2Fa.slack-edge.com%2Fdf10d%2Fimg%2Favatars%2Fava_0011-512.png","status_text_canonical":"","team":"T01ESRT4L21"},"is_admin":false,"is_owner":false,"is_primary_owner":false,"is_restricted":false,"is_ultra_restricted":false,"is_bot":false,"is_app_user":false,"updated":1605628142},
{"id":"U01EH0F9XCP","team_id":"T01ESRT4L21","name":"ncrooks","deleted":false,"color":"53b759","real_name":"Natacha Crooks","tz":"America\/Los_Angeles","tz_label":"Pacific Standard Time","tz_offset":-28800,"profile":{"title":"","phone":"","skype":"","real_name":"Natacha Crooks","real_name_normalized":"Natacha Crooks","display_name":"Natacha Crooks","display_name_normalized":"Natacha Crooks","fields":null,"status_text":"","status_emoji":"","status_expiration":0,"avatar_hash":"eac21241e039","image_original":"https:\/\/avatars.slack-edge.com\/2020-11-17\/1507962693619_eac21241e0395cc1102b_original.png","is_custom_image":true,"email":"ncrooks@berkeley.edu","image_24":"https:\/\/avatars.slack-edge.com\/2020-11-17\/1507962693619_eac21241e0395cc1102b_24.png","image_32":"https:\/\/avatars.slack-edge.com\/2020-11-17\/1507962693619_eac21241e0395cc1102b_32.png","image_48":"https:\/\/avatars.slack-edge.com\/2020-11-17\/1507962693619_eac21241e0395cc1102b_48.png","image_72":"https:\/\/avatars.slack-edge.com\/2020-11-17\/1507962693619_eac21241e0395cc1102b_72.png","image_192":"https:\/\/avatars.slack-edge.com\/2020-11-17\/1507962693619_eac21241e0395cc1102b_192.png","image_512":"https:\/\/avatars.slack-edge.com\/2020-11-17\/1507962693619_eac21241e0395cc1102b_512.png","image_1024":"https:\/\/avatars.slack-edge.com\/2020-11-17\/1507962693619_eac21241e0395cc1102b_1024.png","status_text_canonical":"","team":"T01ESRT4L21"},"is_admin":false,"is_owner":false,"is_primary_owner":false,"is_restricted":false,"is_ultra_restricted":false,"is_bot":false,"is_app_user":false,"updated":1605629083},
{"id":"U01EH5J0J0P","team_id":"T01ESRT4L21","name":"viveknar","deleted":false,"color":"d55aef","real_name":"Vivek Narasayya","tz":"America\/Los_Angeles","tz_label":"Pacific Standard Time","tz_offset":-28800,"profile":{"title":"","phone":"","skype":"","real_name":"Vivek Narasayya","real_name_normalized":"Vivek Narasayya","display_name":"Vivek Narasayya","display_name_normalized":"Vivek Narasayya","fields":null,"status_text":"","status_emoji":"","status_expiration":0,"avatar_hash":"g6bde7fbed41","email":"viveknar@microsoft.com","image_24":"https:\/\/secure.gravatar.com\/avatar\/6bde7fbed41a59843c967ae625cd6a56.jpg?s=24&d=https%3A%2F%2Fa.slack-edge.com%2Fdf10d%2Fimg%2Favatars%2Fava_0014-24.png","image_32":"https:\/\/secure.gravatar.com\/avatar\/6bde7fbed41a59843c967ae625cd6a56.jpg?s=32&d=https%3A%2F%2Fa.slack-edge.com%2Fdf10d%2Fimg%2Favatars%2Fava_0014-32.png","image_48":"https:\/\/secure.gravatar.com\/avatar\/6bde7fbed41a59843c967ae625cd6a56.jpg?s=48&d=https%3A%2F%2Fa.slack-edge.com%2Fdf10d%2Fimg%2Favatars%2Fava_0014-48.png","image_72":"https:\/\/secure.gravatar.com\/avatar\/6bde7fbed41a59843c967ae625cd6a56.jpg?s=72&d=https%3A%2F%2Fa.slack-edge.com%2Fdf10d%2Fimg%2Favatars%2Fava_0014-72.png","image_192":"https:\/\/secure.gravatar.com\/avatar\/6bde7fbed41a59843c967ae625cd6a56.jpg?s=192&d=https%3A%2F%2Fa.slack-edge.com%2Fdf10d%2Fimg%2Favatars%2Fava_0014-192.png","image_512":"https:\/\/secure.gravatar.com\/avatar\/6bde7fbed41a59843c967ae625cd6a56.jpg?s=512&d=https%3A%2F%2Fa.slack-edge.com%2Fdf10d%2Fimg%2Favatars%2Fava_0014-512.png","status_text_canonical":"","team":"T01ESRT4L21"},"is_admin":false,"is_owner":false,"is_primary_owner":false,"is_restricted":false,"is_ultra_restricted":false,"is_bot":false,"is_app_user":false,"updated":1605632016},
{"id":"U01EH7G66ET","team_id":"T01ESRT4L21","name":"surajitc","deleted":false,"color":"d1707d","real_name":"Surajit Chaudhuri","tz":"America\/Los_Angeles","tz_label":"Pacific Standard Time","tz_offset":-28800,"profile":{"title":"","phone":"","skype":"","real_name":"Surajit Chaudhuri","real_name_normalized":"Surajit Chaudhuri","display_name":"Surajit Chaudhuri","display_name_normalized":"Surajit Chaudhuri","fields":null,"status_text":"","status_emoji":"","status_expiration":0,"avatar_hash":"gf6d84b7078f","email":"surajitc@microsoft.com","image_24":"https:\/\/secure.gravatar.com\/avatar\/f6d84b7078f80ab8120e5889461f84de.jpg?s=24&d=https%3A%2F%2Fa.slack-edge.com%2Fdf10d%2Fimg%2Favatars%2Fava_0011-24.png","image_32":"https:\/\/secure.gravatar.com\/avatar\/f6d84b7078f80ab8120e5889461f84de.jpg?s=32&d=https%3A%2F%2Fa.slack-edge.com%2Fdf10d%2Fimg%2Favatars%2Fava_0011-32.png","image_48":"https:\/\/secure.gravatar.com\/avatar\/f6d84b7078f80ab8120e5889461f84de.jpg?s=48&d=https%3A%2F%2Fa.slack-edge.com%2Fdf10d%2Fimg%2Favatars%2Fava_0011-48.png","image_72":"https:\/\/secure.gravatar.com\/avatar\/f6d84b7078f80ab8120e5889461f84de.jpg?s=72&d=https%3A%2F%2Fa.slack-edge.com%2Fdf10d%2Fimg%2Favatars%2Fava_0011-72.png","image_192":"https:\/\/secure.gravatar.com\/avatar\/f6d84b7078f80ab8120e5889461f84de.jpg?s=192&d=https%3A%2F%2Fa.slack-edge.com%2Fdf10d%2Fimg%2Favatars%2Fava_0011-192.png","image_512":"https:\/\/secure.gravatar.com\/avatar\/f6d84b7078f80ab8120e5889461f84de.jpg?s=512&d=https%3A%2F%2Fa.slack-edge.com%2Fdf10d%2Fimg%2Favatars%2Fava_0011-512.png","status_text_canonical":"","team":"T01ESRT4L21"},"is_admin":false,"is_owner":false,"is_primary_owner":false,"is_restricted":false,"is_ultra_restricted":false,"is_bot":false,"is_app_user":false,"updated":1605633057},
{"id":"U01EP892ZGE","team_id":"T01ESRT4L21","name":"rdurrani","deleted":false,"color":"3c989f","real_name":"Rehan Durrani","tz":"America\/Los_Angeles","tz_label":"Pacific Standard Time","tz_offset":-28800,"profile":{"title":"","phone":"","skype":"","real_name":"Rehan Durrani","real_name_normalized":"Rehan Durrani","display_name":"","display_name_normalized":"","fields":null,"status_text":"","status_emoji":"","status_expiration":0,"avatar_hash":"g6528e985eca","email":"rdurrani@berkeley.edu","image_24":"https:\/\/secure.gravatar.com\/avatar\/6528e985ecadb6c05f7b318dfa2a5e43.jpg?s=24&d=https%3A%2F%2Fa.slack-edge.com%2Fdf10d%2Fimg%2Favatars%2Fava_0011-24.png","image_32":"https:\/\/secure.gravatar.com\/avatar\/6528e985ecadb6c05f7b318dfa2a5e43.jpg?s=32&d=https%3A%2F%2Fa.slack-edge.com%2Fdf10d%2Fimg%2Favatars%2Fava_0011-32.png","image_48":"https:\/\/secure.gravatar.com\/avatar\/6528e985ecadb6c05f7b318dfa2a5e43.jpg?s=48&d=https%3A%2F%2Fa.slack-edge.com%2Fdf10d%2Fimg%2Favatars%2Fava_0011-48.png","image_72":"https:\/\/secure.gravatar.com\/avatar\/6528e985ecadb6c05f7b318dfa2a5e43.jpg?s=72&d=https%3A%2F%2Fa.slack-edge.com%2Fdf10d%2Fimg%2Favatars%2Fava_0011-72.png","image_192":"https:\/\/secure.gravatar.com\/avatar\/6528e985ecadb6c05f7b318dfa2a5e43.jpg?s=192&d=https%3A%2F%2Fa.slack-edge.com%2Fdf10d%2Fimg%2Favatars%2Fava_0011-192.png","image_512":"https:\/\/secure.gravatar.com\/avatar\/6528e985ecadb6c05f7b318dfa2a5e43.jpg?s=512&d=https%3A%2F%2Fa.slack-edge.com%2Fdf10d%2Fimg%2Favatars%2Fava_0011-512.png","status_text_canonical":"","team":"T01ESRT4L21"},"is_admin":false,"is_owner":false,"is_primary_owner":false,"is_restricted":false,"is_ultra_restricted":false,"is_bot":false,"is_app_user":false,"updated":1605578101},
{"id":"U01EP8RNY9L","team_id":"T01ESRT4L21","name":"jongold","deleted":false,"color":"e96699","real_name":"Jonathan Goldstein","tz":"America\/Los_Angeles","tz_label":"Pacific Standard Time","tz_offset":-28800,"profile":{"title":"","phone":"","skype":"","real_name":"Jonathan Goldstein","real_name_normalized":"Jonathan Goldstein","display_name":"Jonathan Goldstein","display_name_normalized":"Jonathan Goldstein","fields":null,"status_text":"","status_emoji":"","status_expiration":0,"avatar_hash":"g1680b8d7037","email":"jongold@microsoft.com","image_24":"https:\/\/secure.gravatar.com\/avatar\/1680b8d703771a63458bb523e3d0dcf9.jpg?s=24&d=https%3A%2F%2Fa.slack-edge.com%2Fdf10d%2Fimg%2Favatars%2Fava_0026-24.png","image_32":"https:\/\/secure.gravatar.com\/avatar\/1680b8d703771a63458bb523e3d0dcf9.jpg?s=32&d=https%3A%2F%2Fa.slack-edge.com%2Fdf10d%2Fimg%2Favatars%2Fava_0026-32.png","image_48":"https:\/\/secure.gravatar.com\/avatar\/1680b8d703771a63458bb523e3d0dcf9.jpg?s=48&d=https%3A%2F%2Fa.slack-edge.com%2Fdf10d%2Fimg%2Favatars%2Fava_0026-48.png","image_72":"https:\/\/secure.gravatar.com\/avatar\/1680b8d703771a63458bb523e3d0dcf9.jpg?s=72&d=https%3A%2F%2Fa.slack-edge.com%2Fdf10d%2Fimg%2Favatars%2Fava_0026-72.png","image_192":"https:\/\/secure.gravatar.com\/avatar\/1680b8d703771a63458bb523e3d0dcf9.jpg?s=192&d=https%3A%2F%2Fa.slack-edge.com%2Fdf10d%2Fimg%2Favatars%2Fava_0026-192.png","image_512":"https:\/\/secure.gravatar.com\/avatar\/1680b8d703771a63458bb523e3d0dcf9.jpg?s=512&d=https%3A%2F%2Fa.slack-edge.com%2Fdf10d%2Fimg%2Favatars%2Fava_0026-512.png","status_text_canonical":"","team":"T01ESRT4L21"},"is_admin":false,"is_owner":false,"is_primary_owner":false,"is_restricted":false,"is_ultra_restricted":false,"is_bot":false,"is_app_user":false,"updated":1605578729},
{"id":"U01EPA7K83Y","team_id":"T01ESRT4L21","name":"thedavidchu","deleted":false,"color":"99a949","real_name":"David Chu","tz":"America\/Los_Angeles","tz_label":"Pacific Standard Time","tz_offset":-28800,"profile":{"title":"","phone":"","skype":"","real_name":"David Chu","real_name_normalized":"David Chu","display_name":"David Chu","display_name_normalized":"David Chu","fields":null,"status_text":"","status_emoji":"","status_expiration":0,"avatar_hash":"cf0088bb5a4d","image_original":"https:\/\/avatars.slack-edge.com\/2020-11-16\/1499347740614_cf0088bb5a4d7c50e844_original.jpg","is_custom_image":true,"email":"thedavidchu@berkeley.edu","image_24":"https:\/\/avatars.slack-edge.com\/2020-11-16\/1499347740614_cf0088bb5a4d7c50e844_24.jpg","image_32":"https:\/\/avatars.slack-edge.com\/2020-11-16\/1499347740614_cf0088bb5a4d7c50e844_32.jpg","image_48":"https:\/\/avatars.slack-edge.com\/2020-11-16\/1499347740614_cf0088bb5a4d7c50e844_48.jpg","image_72":"https:\/\/avatars.slack-edge.com\/2020-11-16\/1499347740614_cf0088bb5a4d7c50e844_72.jpg","image_192":"https:\/\/avatars.slack-edge.com\/2020-11-16\/1499347740614_cf0088bb5a4d7c50e844_192.jpg","image_512":"https:\/\/avatars.slack-edge.com\/2020-11-16\/1499347740614_cf0088bb5a4d7c50e844_512.jpg","image_1024":"https:\/\/avatars.slack-edge.com\/2020-11-16\/1499347740614_cf0088bb5a4d7c50e844_1024.jpg","status_text_canonical":"","team":"T01ESRT4L21"},"is_admin":false,"is_owner":false,"is_primary_owner":false,"is_restricted":false,"is_ultra_restricted":false,"is_bot":false,"is_app_user":false,"updated":1605580928},
{"id":"U01ERKJC91U","team_id":"T01ESRT4L21","name":"wooders","deleted":false,"color":"8f4a2b","real_name":"Sarah Wooders","tz":"America\/Los_Angeles","tz_label":"Pacific Standard Time","tz_offset":-28800,"profile":{"title":"","phone":"","skype":"","real_name":"Sarah Wooders","real_name_normalized":"Sarah Wooders","display_name":"Sarah Wooders","display_name_normalized":"Sarah Wooders","fields":null,"status_text":"","status_emoji":"","status_expiration":0,"avatar_hash":"gabc1d1a984c","email":"wooders@berkeley.edu","image_24":"https:\/\/secure.gravatar.com\/avatar\/abc1d1a984c40a32f94b3e8e84b7d8ff.jpg?s=24&d=https%3A%2F%2Fa.slack-edge.com%2Fdf10d%2Fimg%2Favatars%2Fava_0020-24.png","image_32":"https:\/\/secure.gravatar.com\/avatar\/abc1d1a984c40a32f94b3e8e84b7d8ff.jpg?s=32&d=https%3A%2F%2Fa.slack-edge.com%2Fdf10d%2Fimg%2Favatars%2Fava_0020-32.png","image_48":"https:\/\/secure.gravatar.com\/avatar\/abc1d1a984c40a32f94b3e8e84b7d8ff.jpg?s=48&d=https%3A%2F%2Fa.slack-edge.com%2Fdf10d%2Fimg%2Favatars%2Fava_0020-48.png","image_72":"https:\/\/secure.gravatar.com\/avatar\/abc1d1a984c40a32f94b3e8e84b7d8ff.jpg?s=72&d=https%3A%2F%2Fa.slack-edge.com%2Fdf10d%2Fimg%2Favatars%2Fava_0020-72.png","image_192":"https:\/\/secure.gravatar.com\/avatar\/abc1d1a984c40a32f94b3e8e84b7d8ff.jpg?s=192&d=https%3A%2F%2Fa.slack-edge.com%2Fdf10d%2Fimg%2Favatars%2Fava_0020-192.png","image_512":"https:\/\/secure.gravatar.com\/avatar\/abc1d1a984c40a32f94b3e8e84b7d8ff.jpg?s=512&d=https%3A%2F%2Fa.slack-edge.com%2Fdf10d%2Fimg%2Favatars%2Fava_0020-512.png","status_text_canonical":"","team":"T01ESRT4L21"},"is_admin":false,"is_owner":false,"is_primary_owner":false,"is_restricted":false,"is_ultra_restricted":false,"is_bot":false,"is_app_user":false,"updated":1605640310},
{"id":"U01EST0RQAZ","team_id":"T01ESRT4L21","name":"kaushiks","deleted":false,"color":"e7392d","real_name":"Kaushik Shivakumar","tz":"America\/Los_Angeles","tz_label":"Pacific Standard Time","tz_offset":-28800,"profile":{"title":"","phone":"","skype":"","real_name":"Kaushik Shivakumar","real_name_normalized":"Kaushik Shivakumar","display_name":"Kaushik Shivakumar","display_name_normalized":"Kaushik Shivakumar","fields":null,"status_text":"","status_emoji":"","status_expiration":0,"avatar_hash":"g150d8d690ef","email":"kaushiks@berkeley.edu","image_24":"https:\/\/secure.gravatar.com\/avatar\/150d8d690ef16db815eca30315c3e5e4.jpg?s=24&d=https%3A%2F%2Fa.slack-edge.com%2Fdf10d%2Fimg%2Favatars%2Fava_0005-24.png","image_32":"https:\/\/secure.gravatar.com\/avatar\/150d8d690ef16db815eca30315c3e5e4.jpg?s=32&d=https%3A%2F%2Fa.slack-edge.com%2Fdf10d%2Fimg%2Favatars%2Fava_0005-32.png","image_48":"https:\/\/secure.gravatar.com\/avatar\/150d8d690ef16db815eca30315c3e5e4.jpg?s=48&d=https%3A%2F%2Fa.slack-edge.com%2Fdf10d%2Fimg%2Favatars%2Fava_0005-48.png","image_72":"https:\/\/secure.gravatar.com\/avatar\/150d8d690ef16db815eca30315c3e5e4.jpg?s=72&d=https%3A%2F%2Fa.slack-edge.com%2Fdf10d%2Fimg%2Favatars%2Fava_0005-72.png","image_192":"https:\/\/secure.gravatar.com\/avatar\/150d8d690ef16db815eca30315c3e5e4.jpg?s=192&d=https%3A%2F%2Fa.slack-edge.com%2Fdf10d%2Fimg%2Favatars%2Fava_0005-192.png","image_512":"https:\/\/secure.gravatar.com\/avatar\/150d8d690ef16db815eca30315c3e5e4.jpg?s=512&d=https%3A%2F%2Fa.slack-edge.com%2Fdf10d%2Fimg%2Favatars%2Fava_0005-512.png","status_text_canonical":"","team":"T01ESRT4L21"},"is_admin":false,"is_owner":false,"is_primary_owner":false,"is_restricted":false,"is_ultra_restricted":false,"is_bot":false,"is_app_user":false,"updated":1605577885},
{"id":"U01EST7GBEZ","team_id":"T01ESRT4L21","name":"sauravc","deleted":false,"color":"674b1b","real_name":"Saurav Chhatrapati","tz":"America\/Los_Angeles","tz_label":"Pacific Standard Time","tz_offset":-28800,"profile":{"title":"","phone":"","skype":"","real_name":"Saurav Chhatrapati","real_name_normalized":"Saurav Chhatrapati","display_name":"Saurav Chhatrapati","display_name_normalized":"Saurav Chhatrapati","fields":null,"status_text":"","status_emoji":"","status_expiration":0,"avatar_hash":"g0f0a0577fb5","email":"sauravc@berkeley.edu","image_24":"https:\/\/secure.gravatar.com\/avatar\/0f0a0577fb5b8da2b018259151bac6c2.jpg?s=24&d=https%3A%2F%2Fa.slack-edge.com%2Fdf10d%2Fimg%2Favatars%2Fava_0011-24.png","image_32":"https:\/\/secure.gravatar.com\/avatar\/0f0a0577fb5b8da2b018259151bac6c2.jpg?s=32&d=https%3A%2F%2Fa.slack-edge.com%2Fdf10d%2Fimg%2Favatars%2Fava_0011-32.png","image_48":"https:\/\/secure.gravatar.com\/avatar\/0f0a0577fb5b8da2b018259151bac6c2.jpg?s=48&d=https%3A%2F%2Fa.slack-edge.com%2Fdf10d%2Fimg%2Favatars%2Fava_0011-48.png","image_72":"https:\/\/secure.gravatar.com\/avatar\/0f0a0577fb5b8da2b018259151bac6c2.jpg?s=72&d=https%3A%2F%2Fa.slack-edge.com%2Fdf10d%2Fimg%2Favatars%2Fava_0011-72.png","image_192":"https:\/\/secure.gravatar.com\/avatar\/0f0a0577fb5b8da2b018259151bac6c2.jpg?s=192&d=https%3A%2F%2Fa.slack-edge.com%2Fdf10d%2Fimg%2Favatars%2Fava_0011-192.png","image_512":"https:\/\/secure.gravatar.com\/avatar\/0f0a0577fb5b8da2b018259151bac6c2.jpg?s=512&d=https%3A%2F%2Fa.slack-edge.com%2Fdf10d%2Fimg%2Favatars%2Fava_0011-512.png","status_text_canonical":"","team":"T01ESRT4L21"},"is_admin":false,"is_owner":false,"is_primary_owner":false,"is_restricted":false,"is_ultra_restricted":false,"is_bot":false,"is_app_user":false,"updated":1605578168},
{"id":"U01EUHE4869","team_id":"T01ESRT4L21","name":"mjwhittaker","deleted":false,"color":"5a4592","real_name":"Michael Whittaker","tz":"America\/Los_Angeles","tz_label":"Pacific Standard Time","tz_offset":-28800,"profile":{"title":"","phone":"","skype":"","real_name":"Michael Whittaker","real_name_normalized":"Michael Whittaker","display_name":"Michael Whittaker","display_name_normalized":"Michael Whittaker","fields":null,"status_text":"","status_emoji":"","status_expiration":0,"avatar_hash":"94052ff5872b","image_original":"https:\/\/avatars.slack-edge.com\/2020-11-17\/1492944526951_94052ff5872b82abd03b_original.jpg","is_custom_image":true,"email":"mjwhittaker@berkeley.edu","image_24":"https:\/\/avatars.slack-edge.com\/2020-11-17\/1492944526951_94052ff5872b82abd03b_24.jpg","image_32":"https:\/\/avatars.slack-edge.com\/2020-11-17\/1492944526951_94052ff5872b82abd03b_32.jpg","image_48":"https:\/\/avatars.slack-edge.com\/2020-11-17\/1492944526951_94052ff5872b82abd03b_48.jpg","image_72":"https:\/\/avatars.slack-edge.com\/2020-11-17\/1492944526951_94052ff5872b82abd03b_72.jpg","image_192":"https:\/\/avatars.slack-edge.com\/2020-11-17\/1492944526951_94052ff5872b82abd03b_192.jpg","image_512":"https:\/\/avatars.slack-edge.com\/2020-11-17\/1492944526951_94052ff5872b82abd03b_512.jpg","image_1024":"https:\/\/avatars.slack-edge.com\/2020-11-17\/1492944526951_94052ff5872b82abd03b_1024.jpg","status_text_canonical":"","team":"T01ESRT4L21"},"is_admin":false,"is_owner":false,"is_primary_owner":false,"is_restricted":false,"is_ultra_restricted":false,"is_bot":false,"is_app_user":false,"updated":1605627964},
{"id":"U01EUKEAYR3","team_id":"T01ESRT4L21","name":"xiaoxuan_liu","deleted":false,"color":"9e3997","real_name":"Lily Liu","tz":"Asia\/Chongqing","tz_label":"China Standard Time","tz_offset":28800,"profile":{"title":"","phone":"","skype":"","real_name":"Lily Liu","real_name_normalized":"Lily Liu","display_name":"Lily Liu","display_name_normalized":"Lily Liu","fields":null,"status_text":"","status_emoji":"","status_expiration":0,"avatar_hash":"g9eb0a5f4eef","email":"xiaoxuan_liu@berkeley.edu","image_24":"https:\/\/secure.gravatar.com\/avatar\/9eb0a5f4eefb056606e1553511d69120.jpg?s=24&d=https%3A%2F%2Fa.slack-edge.com%2Fdf10d%2Fimg%2Favatars%2Fava_0010-24.png","image_32":"https:\/\/secure.gravatar.com\/avatar\/9eb0a5f4eefb056606e1553511d69120.jpg?s=32&d=https%3A%2F%2Fa.slack-edge.com%2Fdf10d%2Fimg%2Favatars%2Fava_0010-32.png","image_48":"https:\/\/secure.gravatar.com\/avatar\/9eb0a5f4eefb056606e1553511d69120.jpg?s=48&d=https%3A%2F%2Fa.slack-edge.com%2Fdf10d%2Fimg%2Favatars%2Fava_0010-48.png","image_72":"https:\/\/secure.gravatar.com\/avatar\/9eb0a5f4eefb056606e1553511d69120.jpg?s=72&d=https%3A%2F%2Fa.slack-edge.com%2Fdf10d%2Fimg%2Favatars%2Fava_0010-72.png","image_192":"https:\/\/secure.gravatar.com\/avatar\/9eb0a5f4eefb056606e1553511d69120.jpg?s=192&d=https%3A%2F%2Fa.slack-edge.com%2Fdf10d%2Fimg%2Favatars%2Fava_0010-192.png","image_512":"https:\/\/secure.gravatar.com\/avatar\/9eb0a5f4eefb056606e1553511d69120.jpg?s=512&d=https%3A%2F%2Fa.slack-edge.com%2Fdf10d%2Fimg%2Favatars%2Fava_0010-512.png","status_text_canonical":"","team":"T01ESRT4L21"},"is_admin":false,"is_owner":false,"is_primary_owner":false,"is_restricted":false,"is_ultra_restricted":false,"is_bot":false,"is_app_user":false,"updated":1605628965},
{"id":"U01EV0Q9TK7","team_id":"T01ESRT4L21","name":"kenh","deleted":false,"color":"e06b56","real_name":"Ken Hinckley","tz":"America\/Los_Angeles","tz_label":"Pacific Standard Time","tz_offset":-28800,"profile":{"title":"","phone":"","skype":"","real_name":"Ken Hinckley","real_name_normalized":"Ken Hinckley","display_name":"Ken Hinckley","display_name_normalized":"Ken Hinckley","fields":null,"status_text":"","status_emoji":"","status_expiration":0,"avatar_hash":"g972b882fd0c","email":"kenh@microsoft.com","image_24":"https:\/\/secure.gravatar.com\/avatar\/972b882fd0c8396454ca205127d2c6b2.jpg?s=24&d=https%3A%2F%2Fa.slack-edge.com%2Fdf10d%2Fimg%2Favatars%2Fava_0014-24.png","image_32":"https:\/\/secure.gravatar.com\/avatar\/972b882fd0c8396454ca205127d2c6b2.jpg?s=32&d=https%3A%2F%2Fa.slack-edge.com%2Fdf10d%2Fimg%2Favatars%2Fava_0014-32.png","image_48":"https:\/\/secure.gravatar.com\/avatar\/972b882fd0c8396454ca205127d2c6b2.jpg?s=48&d=https%3A%2F%2Fa.slack-edge.com%2Fdf10d%2Fimg%2Favatars%2Fava_0014-48.png","image_72":"https:\/\/secure.gravatar.com\/avatar\/972b882fd0c8396454ca205127d2c6b2.jpg?s=72&d=https%3A%2F%2Fa.slack-edge.com%2Fdf10d%2Fimg%2Favatars%2Fava_0014-72.png","image_192":"https:\/\/secure.gravatar.com\/avatar\/972b882fd0c8396454ca205127d2c6b2.jpg?s=192&d=https%3A%2F%2Fa.slack-edge.com%2Fdf10d%2Fimg%2Favatars%2Fava_0014-192.png","image_512":"https:\/\/secure.gravatar.com\/avatar\/972b882fd0c8396454ca205127d2c6b2.jpg?s=512&d=https%3A%2F%2Fa.slack-edge.com%2Fdf10d%2Fimg%2Favatars%2Fava_0014-512.png","status_text_canonical":"","team":"T01ESRT4L21"},"is_admin":false,"is_owner":false,"is_primary_owner":false,"is_restricted":false,"is_ultra_restricted":false,"is_bot":false,"is_app_user":false,"updated":1605635112},
{"id":"U01EW11ETKL","team_id":"T01ESRT4L21","name":"mingwei","deleted":false,"color":"684b6c","real_name":"Mingwei Samuel","tz":"America\/Los_Angeles","tz_label":"Pacific Standard Time","tz_offset":-28800,"profile":{"title":"","phone":"","skype":"","real_name":"Mingwei Samuel","real_name_normalized":"Mingwei Samuel","display_name":"Mingwei Samuel","display_name_normalized":"Mingwei Samuel","fields":null,"status_text":"","status_emoji":"","status_expiration":0,"avatar_hash":"3ebf9e7dce74","image_original":"https:\/\/avatars.slack-edge.com\/2020-11-16\/1503041156085_3ebf9e7dce74b979a7cc_original.jpg","is_custom_image":true,"email":"mingwei@berkeley.edu","image_24":"https:\/\/avatars.slack-edge.com\/2020-11-16\/1503041156085_3ebf9e7dce74b979a7cc_24.jpg","image_32":"https:\/\/avatars.slack-edge.com\/2020-11-16\/1503041156085_3ebf9e7dce74b979a7cc_32.jpg","image_48":"https:\/\/avatars.slack-edge.com\/2020-11-16\/1503041156085_3ebf9e7dce74b979a7cc_48.jpg","image_72":"https:\/\/avatars.slack-edge.com\/2020-11-16\/1503041156085_3ebf9e7dce74b979a7cc_72.jpg","image_192":"https:\/\/avatars.slack-edge.com\/2020-11-16\/1503041156085_3ebf9e7dce74b979a7cc_192.jpg","image_512":"https:\/\/avatars.slack-edge.com\/2020-11-16\/1503041156085_3ebf9e7dce74b979a7cc_512.jpg","image_1024":"https:\/\/avatars.slack-edge.com\/2020-11-16\/1503041156085_3ebf9e7dce74b979a7cc_1024.jpg","status_text_canonical":"","team":"T01ESRT4L21"},"is_admin":false,"is_owner":false,"is_primary_owner":false,"is_restricted":false,"is_ultra_restricted":false,"is_bot":false,"is_app_user":false,"updated":1605583280},
{"id":"U01EW16T96W","team_id":"T01ESRT4L21","name":"aviarjavalingam","deleted":false,"color":"5b89d5","real_name":"Avinash Arjavalingam","tz":"America\/Los_Angeles","tz_label":"Pacific Standard Time","tz_offset":-28800,"profile":{"title":"","phone":"","skype":"","real_name":"Avinash Arjavalingam","real_name_normalized":"Avinash Arjavalingam","display_name":"Avinash Arjavalingam","display_name_normalized":"Avinash Arjavalingam","fields":null,"status_text":"","status_emoji":"","status_expiration":0,"avatar_hash":"298002268c69","image_original":"https:\/\/avatars.slack-edge.com\/2020-11-16\/1499310057782_298002268c699e7bad0d_original.png","is_custom_image":true,"email":"aviarjavalingam@berkeley.edu","image_24":"https:\/\/avatars.slack-edge.com\/2020-11-16\/1499310057782_298002268c699e7bad0d_24.png","image_32":"https:\/\/avatars.slack-edge.com\/2020-11-16\/1499310057782_298002268c699e7bad0d_32.png","image_48":"https:\/\/avatars.slack-edge.com\/2020-11-16\/1499310057782_298002268c699e7bad0d_48.png","image_72":"https:\/\/avatars.slack-edge.com\/2020-11-16\/1499310057782_298002268c699e7bad0d_72.png","image_192":"https:\/\/avatars.slack-edge.com\/2020-11-16\/1499310057782_298002268c699e7bad0d_192.png","image_512":"https:\/\/avatars.slack-edge.com\/2020-11-16\/1499310057782_298002268c699e7bad0d_512.png","image_1024":"https:\/\/avatars.slack-edge.com\/2020-11-16\/1499310057782_298002268c699e7bad0d_1024.png","status_text_canonical":"","team":"T01ESRT4L21"},"is_admin":false,"is_owner":false,"is_primary_owner":false,"is_restricted":false,"is_ultra_restricted":false,"is_bot":false,"is_app_user":false,"updated":1605579260},
{"id":"U01EW5L8EQ2","team_id":"T01ESRT4L21","name":"aditya.ramkumar","deleted":false,"color":"df3dc0","real_name":"Aditya Ramkumar","tz":"America\/Los_Angeles","tz_label":"Pacific Standard Time","tz_offset":-28800,"profile":{"title":"","phone":"","skype":"","real_name":"Aditya Ramkumar","real_name_normalized":"Aditya Ramkumar","display_name":"Aditya Ramkumar","display_name_normalized":"Aditya Ramkumar","fields":null,"status_text":"","status_emoji":"","status_expiration":0,"avatar_hash":"8cbdec4e4427","image_original":"https:\/\/avatars.slack-edge.com\/2020-11-16\/1503102278533_8cbdec4e44275d226a84_original.jpg","is_custom_image":true,"email":"aditya.ramkumar@berkeley.edu","image_24":"https:\/\/avatars.slack-edge.com\/2020-11-16\/1503102278533_8cbdec4e44275d226a84_24.jpg","image_32":"https:\/\/avatars.slack-edge.com\/2020-11-16\/1503102278533_8cbdec4e44275d226a84_32.jpg","image_48":"https:\/\/avatars.slack-edge.com\/2020-11-16\/1503102278533_8cbdec4e44275d226a84_48.jpg","image_72":"https:\/\/avatars.slack-edge.com\/2020-11-16\/1503102278533_8cbdec4e44275d226a84_72.jpg","image_192":"https:\/\/avatars.slack-edge.com\/2020-11-16\/1503102278533_8cbdec4e44275d226a84_192.jpg","image_512":"https:\/\/avatars.slack-edge.com\/2020-11-16\/1503102278533_8cbdec4e44275d226a84_512.jpg","image_1024":"https:\/\/avatars.slack-edge.com\/2020-11-16\/1503102278533_8cbdec4e44275d226a84_1024.jpg","status_text_canonical":"","team":"T01ESRT4L21"},"is_admin":false,"is_owner":false,"is_primary_owner":false,"is_restricted":false,"is_ultra_restricted":false,"is_bot":false,"is_app_user":false,"updated":1605586334},
{"id":"U01EW6XN4LT","team_id":"T01ESRT4L21","name":"mpmilano","deleted":false,"color":"e0a729","real_name":"Matthew Milano","tz":"America\/Los_Angeles","tz_label":"Pacific Standard Time","tz_offset":-28800,"profile":{"title":"","phone":"","skype":"","real_name":"Matthew Milano","real_name_normalized":"Matthew Milano","display_name":"Matthew Milano","display_name_normalized":"Matthew Milano","fields":null,"status_text":"","status_emoji":"","status_expiration":0,"avatar_hash":"gc5334a289f4","email":"mpmilano@berkeley.edu","image_24":"https:\/\/secure.gravatar.com\/avatar\/c5334a289f4a970adca54344f7e75d93.jpg?s=24&d=https%3A%2F%2Fa.slack-edge.com%2Fdf10d%2Fimg%2Favatars%2Fava_0001-24.png","image_32":"https:\/\/secure.gravatar.com\/avatar\/c5334a289f4a970adca54344f7e75d93.jpg?s=32&d=https%3A%2F%2Fa.slack-edge.com%2Fdf10d%2Fimg%2Favatars%2Fava_0001-32.png","image_48":"https:\/\/secure.gravatar.com\/avatar\/c5334a289f4a970adca54344f7e75d93.jpg?s=48&d=https%3A%2F%2Fa.slack-edge.com%2Fdf10d%2Fimg%2Favatars%2Fava_0001-48.png","image_72":"https:\/\/secure.gravatar.com\/avatar\/c5334a289f4a970adca54344f7e75d93.jpg?s=72&d=https%3A%2F%2Fa.slack-edge.com%2Fdf10d%2Fimg%2Favatars%2Fava_0001-72.png","image_192":"https:\/\/secure.gravatar.com\/avatar\/c5334a289f4a970adca54344f7e75d93.jpg?s=192&d=https%3A%2F%2Fa.slack-edge.com%2Fdf10d%2Fimg%2Favatars%2Fava_0001-192.png","image_512":"https:\/\/secure.gravatar.com\/avatar\/c5334a289f4a970adca54344f7e75d93.jpg?s=512&d=https%3A%2F%2Fa.slack-edge.com%2Fdf10d%2Fimg%2Favatars%2Fava_0001-512.png","status_text_canonical":"","team":"T01ESRT4L21"},"is_admin":false,"is_owner":false,"is_primary_owner":false,"is_restricted":false,"is_ultra_restricted":false,"is_bot":false,"is_app_user":false,"updated":1605578746},
{"id":"U01EWFEPW03","team_id":"T01ESRT4L21","name":"jegonzal","deleted":false,"color":"9b3b45","real_name":"Joey","tz":"America\/Los_Angeles","tz_label":"Pacific Standard Time","tz_offset":-28800,"profile":{"title":"","phone":"","skype":"","real_name":"Joey","real_name_normalized":"Joey","display_name":"","display_name_normalized":"","fields":null,"status_text":"","status_emoji":"","status_expiration":0,"avatar_hash":"g1273c5fb607","email":"jegonzal@berkeley.edu","image_24":"https:\/\/secure.gravatar.com\/avatar\/1273c5fb607b4b622a746a42692fa632.jpg?s=24&d=https%3A%2F%2Fa.slack-edge.com%2Fdf10d%2Fimg%2Favatars%2Fava_0005-24.png","image_32":"https:\/\/secure.gravatar.com\/avatar\/1273c5fb607b4b622a746a42692fa632.jpg?s=32&d=https%3A%2F%2Fa.slack-edge.com%2Fdf10d%2Fimg%2Favatars%2Fava_0005-32.png","image_48":"https:\/\/secure.gravatar.com\/avatar\/1273c5fb607b4b622a746a42692fa632.jpg?s=48&d=https%3A%2F%2Fa.slack-edge.com%2Fdf10d%2Fimg%2Favatars%2Fava_0005-48.png","image_72":"https:\/\/secure.gravatar.com\/avatar\/1273c5fb607b4b622a746a42692fa632.jpg?s=72&d=https%3A%2F%2Fa.slack-edge.com%2Fdf10d%2Fimg%2Favatars%2Fava_0005-72.png","image_192":"https:\/\/secure.gravatar.com\/avatar\/1273c5fb607b4b622a746a42692fa632.jpg?s=192&d=https%3A%2F%2Fa.slack-edge.com%2Fdf10d%2Fimg%2Favatars%2Fava_0005-192.png","image_512":"https:\/\/secure.gravatar.com\/avatar\/1273c5fb607b4b622a746a42692fa632.jpg?s=512&d=https%3A%2F%2Fa.slack-edge.com%2Fdf10d%2Fimg%2Favatars%2Fava_0005-512.png","status_text_canonical":"","team":"T01ESRT4L21"},"is_admin":false,"is_owner":false,"is_primary_owner":false,"is_restricted":false,"is_ultra_restricted":false,"is_bot":false,"is_app_user":false,"updated":1605592675},
{"id":"U01EXRVGM51","team_id":"T01ESRT4L21","name":"pranavsaig","deleted":false,"color":"bb86b7","real_name":"Pranav Gaddamadugu","tz":"America\/Los_Angeles","tz_label":"Pacific Standard Time","tz_offset":-28800,"profile":{"title":"","phone":"","skype":"","real_name":"Pranav Gaddamadugu","real_name_normalized":"Pranav Gaddamadugu","display_name":"Pranav Gaddamadugu","display_name_normalized":"Pranav Gaddamadugu","fields":null,"status_text":"","status_emoji":"","status_expiration":0,"avatar_hash":"g75c52f07c8b","email":"pranavsaig@berkeley.edu","image_24":"https:\/\/secure.gravatar.com\/avatar\/75c52f07c8b9d4f3c0eaf61a6322b8b2.jpg?s=24&d=https%3A%2F%2Fa.slack-edge.com%2Fdf10d%2Fimg%2Favatars%2Fava_0007-24.png","image_32":"https:\/\/secure.gravatar.com\/avatar\/75c52f07c8b9d4f3c0eaf61a6322b8b2.jpg?s=32&d=https%3A%2F%2Fa.slack-edge.com%2Fdf10d%2Fimg%2Favatars%2Fava_0007-32.png","image_48":"https:\/\/secure.gravatar.com\/avatar\/75c52f07c8b9d4f3c0eaf61a6322b8b2.jpg?s=48&d=https%3A%2F%2Fa.slack-edge.com%2Fdf10d%2Fimg%2Favatars%2Fava_0007-48.png","image_72":"https:\/\/secure.gravatar.com\/avatar\/75c52f07c8b9d4f3c0eaf61a6322b8b2.jpg?s=72&d=https%3A%2F%2Fa.slack-edge.com%2Fdf10d%2Fimg%2Favatars%2Fava_0007-72.png","image_192":"https:\/\/secure.gravatar.com\/avatar\/75c52f07c8b9d4f3c0eaf61a6322b8b2.jpg?s=192&d=https%3A%2F%2Fa.slack-edge.com%2Fdf10d%2Fimg%2Favatars%2Fava_0007-192.png","image_512":"https:\/\/secure.gravatar.com\/avatar\/75c52f07c8b9d4f3c0eaf61a6322b8b2.jpg?s=512&d=https%3A%2F%2Fa.slack-edge.com%2Fdf10d%2Fimg%2Favatars%2Fava_0007-512.png","status_text_canonical":"","team":"T01ESRT4L21"},"is_admin":false,"is_owner":false,"is_primary_owner":false,"is_restricted":false,"is_ultra_restricted":false,"is_bot":false,"is_app_user":false,"updated":1605627754},
{"id":"U01EXTKFQ2X","team_id":"T01ESRT4L21","name":"cgwu","deleted":false,"color":"235e5b","real_name":"Chenggang Wu","tz":"America\/Los_Angeles","tz_label":"Pacific Standard Time","tz_offset":-28800,"profile":{"title":"","phone":"","skype":"","real_name":"Chenggang Wu","real_name_normalized":"Chenggang Wu","display_name":"Chenggang Wu","display_name_normalized":"Chenggang Wu","fields":null,"status_text":"","status_emoji":"","status_expiration":0,"avatar_hash":"gf161906b0a4","email":"cgwu@berkeley.edu","image_24":"https:\/\/secure.gravatar.com\/avatar\/f161906b0a44871a875cceb170a554a8.jpg?s=24&d=https%3A%2F%2Fa.slack-edge.com%2Fdf10d%2Fimg%2Favatars%2Fava_0012-24.png","image_32":"https:\/\/secure.gravatar.com\/avatar\/f161906b0a44871a875cceb170a554a8.jpg?s=32&d=https%3A%2F%2Fa.slack-edge.com%2Fdf10d%2Fimg%2Favatars%2Fava_0012-32.png","image_48":"https:\/\/secure.gravatar.com\/avatar\/f161906b0a44871a875cceb170a554a8.jpg?s=48&d=https%3A%2F%2Fa.slack-edge.com%2Fdf10d%2Fimg%2Favatars%2Fava_0012-48.png","image_72":"https:\/\/secure.gravatar.com\/avatar\/f161906b0a44871a875cceb170a554a8.jpg?s=72&d=https%3A%2F%2Fa.slack-edge.com%2Fdf10d%2Fimg%2Favatars%2Fava_0012-72.png","image_192":"https:\/\/secure.gravatar.com\/avatar\/f161906b0a44871a875cceb170a554a8.jpg?s=192&d=https%3A%2F%2Fa.slack-edge.com%2Fdf10d%2Fimg%2Favatars%2Fava_0012-192.png","image_512":"https:\/\/secure.gravatar.com\/avatar\/f161906b0a44871a875cceb170a554a8.jpg?s=512&d=https%3A%2F%2Fa.slack-edge.com%2Fdf10d%2Fimg%2Favatars%2Fava_0012-512.png","status_text_canonical":"","team":"T01ESRT4L21"},"is_admin":false,"is_owner":false,"is_primary_owner":false,"is_restricted":false,"is_ultra_restricted":false,"is_bot":false,"is_app_user":false,"updated":1605628753},
{"id":"U01EXUEGK5H","team_id":"T01ESRT4L21","name":"akcheung","deleted":false,"color":"c386df","real_name":"Alvin Cheung","tz":"America\/Los_Angeles","tz_label":"Pacific Standard Time","tz_offset":-28800,"profile":{"title":"","phone":"","skype":"","real_name":"Alvin Cheung","real_name_normalized":"Alvin Cheung","display_name":"Alvin Cheung","display_name_normalized":"Alvin Cheung","fields":null,"status_text":"","status_emoji":"","status_expiration":0,"avatar_hash":"gdc0da6330b1","email":"akcheung@berkeley.edu","image_24":"https:\/\/secure.gravatar.com\/avatar\/dc0da6330b163ad8dde00d8ec78c3606.jpg?s=24&d=https%3A%2F%2Fa.slack-edge.com%2Fdf10d%2Fimg%2Favatars%2Fava_0021-24.png","image_32":"https:\/\/secure.gravatar.com\/avatar\/dc0da6330b163ad8dde00d8ec78c3606.jpg?s=32&d=https%3A%2F%2Fa.slack-edge.com%2Fdf10d%2Fimg%2Favatars%2Fava_0021-32.png","image_48":"https:\/\/secure.gravatar.com\/avatar\/dc0da6330b163ad8dde00d8ec78c3606.jpg?s=48&d=https%3A%2F%2Fa.slack-edge.com%2Fdf10d%2Fimg%2Favatars%2Fava_0021-48.png","image_72":"https:\/\/secure.gravatar.com\/avatar\/dc0da6330b163ad8dde00d8ec78c3606.jpg?s=72&d=https%3A%2F%2Fa.slack-edge.com%2Fdf10d%2Fimg%2Favatars%2Fava_0021-72.png","image_192":"https:\/\/secure.gravatar.com\/avatar\/dc0da6330b163ad8dde00d8ec78c3606.jpg?s=192&d=https%3A%2F%2Fa.slack-edge.com%2Fdf10d%2Fimg%2Favatars%2Fava_0021-192.png","image_512":"https:\/\/secure.gravatar.com\/avatar\/dc0da6330b163ad8dde00d8ec78c3606.jpg?s=512&d=https%3A%2F%2Fa.slack-edge.com%2Fdf10d%2Fimg%2Favatars%2Fava_0021-512.png","status_text_canonical":"","team":"T01ESRT4L21"},"is_admin":false,"is_owner":false,"is_primary_owner":false,"is_restricted":false,"is_ultra_restricted":false,"is_bot":false,"is_app_user":false,"updated":1605629144},
{"id":"U01EY0G9Y1G","team_id":"T01ESRT4L21","name":"adityagp","deleted":false,"color":"43761b","real_name":"Aditya P","tz":"America\/Los_Angeles","tz_label":"Pacific Standard Time","tz_offset":-28800,"profile":{"title":"","phone":"","skype":"","real_name":"Aditya P","real_name_normalized":"Aditya P","display_name":"Aditya P","display_name_normalized":"Aditya P","fields":null,"status_text":"","status_emoji":"","status_expiration":0,"avatar_hash":"g18529be65e3","email":"adityagp@berkeley.edu","image_24":"https:\/\/secure.gravatar.com\/avatar\/18529be65e37cc732ed7b5082ed28e73.jpg?s=24&d=https%3A%2F%2Fa.slack-edge.com%2Fdf10d%2Fimg%2Favatars%2Fava_0010-24.png","image_32":"https:\/\/secure.gravatar.com\/avatar\/18529be65e37cc732ed7b5082ed28e73.jpg?s=32&d=https%3A%2F%2Fa.slack-edge.com%2Fdf10d%2Fimg%2Favatars%2Fava_0010-32.png","image_48":"https:\/\/secure.gravatar.com\/avatar\/18529be65e37cc732ed7b5082ed28e73.jpg?s=48&d=https%3A%2F%2Fa.slack-edge.com%2Fdf10d%2Fimg%2Favatars%2Fava_0010-48.png","image_72":"https:\/\/secure.gravatar.com\/avatar\/18529be65e37cc732ed7b5082ed28e73.jpg?s=72&d=https%3A%2F%2Fa.slack-edge.com%2Fdf10d%2Fimg%2Favatars%2Fava_0010-72.png","image_192":"https:\/\/secure.gravatar.com\/avatar\/18529be65e37cc732ed7b5082ed28e73.jpg?s=192&d=https%3A%2F%2Fa.slack-edge.com%2Fdf10d%2Fimg%2Favatars%2Fava_0010-192.png","image_512":"https:\/\/secure.gravatar.com\/avatar\/18529be65e37cc732ed7b5082ed28e73.jpg?s=512&d=https%3A%2F%2Fa.slack-edge.com%2Fdf10d%2Fimg%2Favatars%2Fava_0010-512.png","status_text_canonical":"","team":"T01ESRT4L21"},"is_admin":false,"is_owner":false,"is_primary_owner":false,"is_restricted":false,"is_ultra_restricted":false,"is_bot":false,"is_app_user":false,"updated":1605633426},
{"id":"U01F23RNLA0","team_id":"T01ESRT4L21","name":"hellerstein","deleted":false,"color":"9f69e7","real_name":"Joe Hellerstein","tz":"America\/Los_Angeles","tz_label":"Pacific Standard Time","tz_offset":-28800,"profile":{"title":"I play trumpet and I know things.","phone":"","skype":"","real_name":"Joe Hellerstein","real_name_normalized":"Joe Hellerstein","display_name":"Joe Hellerstein","display_name_normalized":"Joe Hellerstein","fields":[],"status_text":"","status_emoji":"","status_expiration":0,"avatar_hash":"4d348e9be4cd","image_original":"https:\/\/avatars.slack-edge.com\/2020-11-16\/1491268124327_4d348e9be4cd013db6d3_original.jpg","is_custom_image":true,"email":"hellerstein@berkeley.edu","first_name":"Joe","last_name":"Hellerstein","image_24":"https:\/\/avatars.slack-edge.com\/2020-11-16\/1491268124327_4d348e9be4cd013db6d3_24.jpg","image_32":"https:\/\/avatars.slack-edge.com\/2020-11-16\/1491268124327_4d348e9be4cd013db6d3_32.jpg","image_48":"https:\/\/avatars.slack-edge.com\/2020-11-16\/1491268124327_4d348e9be4cd013db6d3_48.jpg","image_72":"https:\/\/avatars.slack-edge.com\/2020-11-16\/1491268124327_4d348e9be4cd013db6d3_72.jpg","image_192":"https:\/\/avatars.slack-edge.com\/2020-11-16\/1491268124327_4d348e9be4cd013db6d3_192.jpg","image_512":"https:\/\/avatars.slack-edge.com\/2020-11-16\/1491268124327_4d348e9be4cd013db6d3_512.jpg","image_1024":"https:\/\/avatars.slack-edge.com\/2020-11-16\/1491268124327_4d348e9be4cd013db6d3_1024.jpg","status_text_canonical":"","team":"T01ESRT4L21"},"is_admin":true,"is_owner":true,"is_primary_owner":true,"is_restricted":false,"is_ultra_restricted":false,"is_bot":false,"is_app_user":false,"updated":1605577963},
{"id":"U01F40Z6H36","team_id":"T01ESRT4L21","name":"raghu","deleted":false,"color":"5870dd","real_name":"Raghu Ramakrishnan","tz":"America\/Los_Angeles","tz_label":"Pacific Standard Time","tz_offset":-28800,"profile":{"title":"","phone":"","skype":"","real_name":"Raghu Ramakrishnan","real_name_normalized":"Raghu Ramakrishnan","display_name":"Raghu Ramakrishnan","display_name_normalized":"Raghu Ramakrishnan","fields":null,"status_text":"","status_emoji":"","status_expiration":0,"avatar_hash":"g2c592429624","email":"raghu@microsoft.com","image_24":"https:\/\/secure.gravatar.com\/avatar\/2c5924296244d4a1ff2b7e1095aaea90.jpg?s=24&d=https%3A%2F%2Fa.slack-edge.com%2Fdf10d%2Fimg%2Favatars%2Fava_0005-24.png","image_32":"https:\/\/secure.gravatar.com\/avatar\/2c5924296244d4a1ff2b7e1095aaea90.jpg?s=32&d=https%3A%2F%2Fa.slack-edge.com%2Fdf10d%2Fimg%2Favatars%2Fava_0005-32.png","image_48":"https:\/\/secure.gravatar.com\/avatar\/2c5924296244d4a1ff2b7e1095aaea90.jpg?s=48&d=https%3A%2F%2Fa.slack-edge.com%2Fdf10d%2Fimg%2Favatars%2Fava_0005-48.png","image_72":"https:\/\/secure.gravatar.com\/avatar\/2c5924296244d4a1ff2b7e1095aaea90.jpg?s=72&d=https%3A%2F%2Fa.slack-edge.com%2Fdf10d%2Fimg%2Favatars%2Fava_0005-72.png","image_192":"https:\/\/secure.gravatar.com\/avatar\/2c5924296244d4a1ff2b7e1095aaea90.jpg?s=192&d=https%3A%2F%2Fa.slack-edge.com%2Fdf10d%2Fimg%2Favatars%2Fava_0005-192.png","image_512":"https:\/\/secure.gravatar.com\/avatar\/2c5924296244d4a1ff2b7e1095aaea90.jpg?s=512&d=https%3A%2F%2Fa.slack-edge.com%2Fdf10d%2Fimg%2Favatars%2Fava_0005-512.png","status_text_canonical":"","team":"T01ESRT4L21"},"is_admin":false,"is_owner":false,"is_primary_owner":false,"is_restricted":false,"is_ultra_restricted":false,"is_bot":false,"is_app_user":false,"updated":1605631009},
{"id":"U01F42CKULC","team_id":"T01ESRT4L21","name":"carlo.curino","deleted":false,"color":"50a0cf","real_name":"Carlo Curino","tz":"America\/Los_Angeles","tz_label":"Pacific Standard Time","tz_offset":-28800,"profile":{"title":"","phone":"","skype":"","real_name":"Carlo Curino","real_name_normalized":"Carlo Curino","display_name":"Carlo Curino","display_name_normalized":"Carlo Curino","fields":null,"status_text":"","status_emoji":"","status_expiration":0,"avatar_hash":"g5eb90011ad2","email":"carlo.curino@microsoft.com","image_24":"https:\/\/secure.gravatar.com\/avatar\/5eb90011ad24b0f989696f3d8ff5b9cd.jpg?s=24&d=https%3A%2F%2Fa.slack-edge.com%2Fdf10d%2Fimg%2Favatars%2Fava_0016-24.png","image_32":"https:\/\/secure.gravatar.com\/avatar\/5eb90011ad24b0f989696f3d8ff5b9cd.jpg?s=32&d=https%3A%2F%2Fa.slack-edge.com%2Fdf10d%2Fimg%2Favatars%2Fava_0016-32.png","image_48":"https:\/\/secure.gravatar.com\/avatar\/5eb90011ad24b0f989696f3d8ff5b9cd.jpg?s=48&d=https%3A%2F%2Fa.slack-edge.com%2Fdf10d%2Fimg%2Favatars%2Fava_0016-48.png","image_72":"https:\/\/secure.gravatar.com\/avatar\/5eb90011ad24b0f989696f3d8ff5b9cd.jpg?s=72&d=https%3A%2F%2Fa.slack-edge.com%2Fdf10d%2Fimg%2Favatars%2Fava_0016-72.png","image_192":"https:\/\/secure.gravatar.com\/avatar\/5eb90011ad24b0f989696f3d8ff5b9cd.jpg?s=192&d=https%3A%2F%2Fa.slack-edge.com%2Fdf10d%2Fimg%2Favatars%2Fava_0016-192.png","image_512":"https:\/\/secure.gravatar.com\/avatar\/5eb90011ad24b0f989696f3d8ff5b9cd.jpg?s=512&d=https%3A%2F%2Fa.slack-edge.com%2Fdf10d%2Fimg%2Favatars%2Fava_0016-512.png","status_text_canonical":"","team":"T01ESRT4L21"},"is_admin":false,"is_owner":false,"is_primary_owner":false,"is_restricted":false,"is_ultra_restricted":false,"is_bot":false,"is_app_user":false,"updated":1605631837},
{"id":"U01F8JQFA1F","team_id":"T01ESRT4L21","name":"tshaik","deleted":false,"color":"4bbe2e","real_name":"Taj Shaik","tz":"America\/Los_Angeles","tz_label":"Pacific Standard Time","tz_offset":-28800,"profile":{"title":"","phone":"","skype":"","real_name":"Taj Shaik","real_name_normalized":"Taj Shaik","display_name":"Taj Shaik","display_name_normalized":"Taj Shaik","fields":null,"status_text":"","status_emoji":"","status_expiration":0,"avatar_hash":"c803c5c19da9","image_original":"https:\/\/avatars.slack-edge.com\/2020-11-16\/1506008458690_c803c5c19da900350480_original.jpg","is_custom_image":true,"email":"tshaik@berkeley.edu","image_24":"https:\/\/avatars.slack-edge.com\/2020-11-16\/1506008458690_c803c5c19da900350480_24.jpg","image_32":"https:\/\/avatars.slack-edge.com\/2020-11-16\/1506008458690_c803c5c19da900350480_32.jpg","image_48":"https:\/\/avatars.slack-edge.com\/2020-11-16\/1506008458690_c803c5c19da900350480_48.jpg","image_72":"https:\/\/avatars.slack-edge.com\/2020-11-16\/1506008458690_c803c5c19da900350480_72.jpg","image_192":"https:\/\/avatars.slack-edge.com\/2020-11-16\/1506008458690_c803c5c19da900350480_192.jpg","image_512":"https:\/\/avatars.slack-edge.com\/2020-11-16\/1506008458690_c803c5c19da900350480_512.jpg","image_1024":"https:\/\/avatars.slack-edge.com\/2020-11-16\/1506008458690_c803c5c19da900350480_1024.jpg","status_text_canonical":"","team":"T01ESRT4L21"},"is_admin":false,"is_owner":false,"is_primary_owner":false,"is_restricted":false,"is_ultra_restricted":false,"is_bot":false,"is_app_user":false,"updated":1605577950},
{"id":"U01FACSV68Z","team_id":"T01ESRT4L21","name":"jssmith","deleted":false,"color":"a63024","real_name":"Johann Schleier-Smith","tz":"America\/Los_Angeles","tz_label":"Pacific Standard Time","tz_offset":-28800,"profile":{"title":"","phone":"","skype":"","real_name":"Johann Schleier-Smith","real_name_normalized":"Johann Schleier-Smith","display_name":"Johann Schleier-Smith","display_name_normalized":"Johann Schleier-Smith","fields":null,"status_text":"","status_emoji":"","status_expiration":0,"avatar_hash":"g3ed8aa36d2b","email":"jssmith@berkeley.edu","image_24":"https:\/\/secure.gravatar.com\/avatar\/3ed8aa36d2bc1a9f5ee958727bc11bca.jpg?s=24&d=https%3A%2F%2Fa.slack-edge.com%2Fdf10d%2Fimg%2Favatars%2Fava_0001-24.png","image_32":"https:\/\/secure.gravatar.com\/avatar\/3ed8aa36d2bc1a9f5ee958727bc11bca.jpg?s=32&d=https%3A%2F%2Fa.slack-edge.com%2Fdf10d%2Fimg%2Favatars%2Fava_0001-32.png","image_48":"https:\/\/secure.gravatar.com\/avatar\/3ed8aa36d2bc1a9f5ee958727bc11bca.jpg?s=48&d=https%3A%2F%2Fa.slack-edge.com%2Fdf10d%2Fimg%2Favatars%2Fava_0001-48.png","image_72":"https:\/\/secure.gravatar.com\/avatar\/3ed8aa36d2bc1a9f5ee958727bc11bca.jpg?s=72&d=https%3A%2F%2Fa.slack-edge.com%2Fdf10d%2Fimg%2Favatars%2Fava_0001-72.png","image_192":"https:\/\/secure.gravatar.com\/avatar\/3ed8aa36d2bc1a9f5ee958727bc11bca.jpg?s=192&d=https%3A%2F%2Fa.slack-edge.com%2Fdf10d%2Fimg%2Favatars%2Fava_0001-192.png","image_512":"https:\/\/secure.gravatar.com\/avatar\/3ed8aa36d2bc1a9f5ee958727bc11bca.jpg?s=512&d=https%3A%2F%2Fa.slack-edge.com%2Fdf10d%2Fimg%2Favatars%2Fava_0001-512.png","status_text_canonical":"","team":"T01ESRT4L21"},"is_admin":false,"is_owner":false,"is_primary_owner":false,"is_restricted":false,"is_ultra_restricted":false,"is_bot":false,"is_app_user":false,"updated":1605629925},
{"id":"U01FL3A6TJL","team_id":"T01ESRT4L21","name":"debbieliang-123","deleted":false,"color":"4cc091","real_name":"Debbie Liang","tz":"America\/Los_Angeles","tz_label":"Pacific Standard Time","tz_offset":-28800,"profile":{"title":"","phone":"","skype":"","real_name":"Debbie Liang","real_name_normalized":"Debbie Liang","display_name":"Debbie Liang","display_name_normalized":"Debbie Liang","fields":null,"status_text":"","status_emoji":"","status_expiration":0,"avatar_hash":"g0b0e45bc324","email":"debbieliang-123@berkeley.edu","image_24":"https:\/\/secure.gravatar.com\/avatar\/0b0e45bc324884ffa1dd2cb20e82789e.jpg?s=24&d=https%3A%2F%2Fa.slack-edge.com%2Fdf10d%2Fimg%2Favatars%2Fava_0026-24.png","image_32":"https:\/\/secure.gravatar.com\/avatar\/0b0e45bc324884ffa1dd2cb20e82789e.jpg?s=32&d=https%3A%2F%2Fa.slack-edge.com%2Fdf10d%2Fimg%2Favatars%2Fava_0026-32.png","image_48":"https:\/\/secure.gravatar.com\/avatar\/0b0e45bc324884ffa1dd2cb20e82789e.jpg?s=48&d=https%3A%2F%2Fa.slack-edge.com%2Fdf10d%2Fimg%2Favatars%2Fava_0026-48.png","image_72":"https:\/\/secure.gravatar.com\/avatar\/0b0e45bc324884ffa1dd2cb20e82789e.jpg?s=72&d=https%3A%2F%2Fa.slack-edge.com%2Fdf10d%2Fimg%2Favatars%2Fava_0026-72.png","image_192":"https:\/\/secure.gravatar.com\/avatar\/0b0e45bc324884ffa1dd2cb20e82789e.jpg?s=192&d=https%3A%2F%2Fa.slack-edge.com%2Fdf10d%2Fimg%2Favatars%2Fava_0026-192.png","image_512":"https:\/\/secure.gravatar.com\/avatar\/0b0e45bc324884ffa1dd2cb20e82789e.jpg?s=512&d=https%3A%2F%2Fa.slack-edge.com%2Fdf10d%2Fimg%2Favatars%2Fava_0026-512.png","status_text_canonical":"","team":"T01ESRT4L21"},"is_admin":false,"is_owner":false,"is_primary_owner":false,"is_restricted":false,"is_ultra_restricted":false,"is_bot":false,"is_app_user":false,"updated":1605590312},
{"id":"U01FMJFKH7A","team_id":"T01ESRT4L21","name":"nathanp","deleted":false,"color":"385a86","real_name":"Nathan Pemberton","tz":"America\/Los_Angeles","tz_label":"Pacific Standard Time","tz_offset":-28800,"profile":{"title":"","phone":"","skype":"","real_name":"Nathan Pemberton","real_name_normalized":"Nathan Pemberton","display_name":"Nathan Pemberton","display_name_normalized":"Nathan Pemberton","fields":null,"status_text":"","status_emoji":"","status_expiration":0,"avatar_hash":"g08acf0a27e8","email":"nathanp@berkeley.edu","image_24":"https:\/\/secure.gravatar.com\/avatar\/08acf0a27e843fe5509287e13e11e467.jpg?s=24&d=https%3A%2F%2Fa.slack-edge.com%2Fdf10d%2Fimg%2Favatars%2Fava_0020-24.png","image_32":"https:\/\/secure.gravatar.com\/avatar\/08acf0a27e843fe5509287e13e11e467.jpg?s=32&d=https%3A%2F%2Fa.slack-edge.com%2Fdf10d%2Fimg%2Favatars%2Fava_0020-32.png","image_48":"https:\/\/secure.gravatar.com\/avatar\/08acf0a27e843fe5509287e13e11e467.jpg?s=48&d=https%3A%2F%2Fa.slack-edge.com%2Fdf10d%2Fimg%2Favatars%2Fava_0020-48.png","image_72":"https:\/\/secure.gravatar.com\/avatar\/08acf0a27e843fe5509287e13e11e467.jpg?s=72&d=https%3A%2F%2Fa.slack-edge.com%2Fdf10d%2Fimg%2Favatars%2Fava_0020-72.png","image_192":"https:\/\/secure.gravatar.com\/avatar\/08acf0a27e843fe5509287e13e11e467.jpg?s=192&d=https%3A%2F%2Fa.slack-edge.com%2Fdf10d%2Fimg%2Favatars%2Fava_0020-192.png","image_512":"https:\/\/secure.gravatar.com\/avatar\/08acf0a27e843fe5509287e13e11e467.jpg?s=512&d=https%3A%2F%2Fa.slack-edge.com%2Fdf10d%2Fimg%2Favatars%2Fava_0020-512.png","status_text_canonical":"","team":"T01ESRT4L21"},"is_admin":false,"is_owner":false,"is_primary_owner":false,"is_restricted":false,"is_ultra_restricted":false,"is_bot":false,"is_app_user":false,"updated":1605629585},
{"id":"U01FMN67REU","team_id":"T01ESRT4L21","name":"ufminhas","deleted":false,"color":"ea2977","real_name":"Umar Farooq Minhas","tz":"America\/Los_Angeles","tz_label":"Pacific Standard Time","tz_offset":-28800,"profile":{"title":"","phone":"","skype":"","real_name":"Umar Farooq Minhas","real_name_normalized":"Umar Farooq Minhas","display_name":"Umar Farooq Minhas","display_name_normalized":"Umar Farooq Minhas","fields":null,"status_text":"","status_emoji":"","status_expiration":0,"avatar_hash":"gccc3e0ec80a","email":"ufminhas@microsoft.com","image_24":"https:\/\/secure.gravatar.com\/avatar\/ccc3e0ec80aeaeddf31f931e6af87c06.jpg?s=24&d=https%3A%2F%2Fa.slack-edge.com%2Fdf10d%2Fimg%2Favatars%2Fava_0011-24.png","image_32":"https:\/\/secure.gravatar.com\/avatar\/ccc3e0ec80aeaeddf31f931e6af87c06.jpg?s=32&d=https%3A%2F%2Fa.slack-edge.com%2Fdf10d%2Fimg%2Favatars%2Fava_0011-32.png","image_48":"https:\/\/secure.gravatar.com\/avatar\/ccc3e0ec80aeaeddf31f931e6af87c06.jpg?s=48&d=https%3A%2F%2Fa.slack-edge.com%2Fdf10d%2Fimg%2Favatars%2Fava_0011-48.png","image_72":"https:\/\/secure.gravatar.com\/avatar\/ccc3e0ec80aeaeddf31f931e6af87c06.jpg?s=72&d=https%3A%2F%2Fa.slack-edge.com%2Fdf10d%2Fimg%2Favatars%2Fava_0011-72.png","image_192":"https:\/\/secure.gravatar.com\/avatar\/ccc3e0ec80aeaeddf31f931e6af87c06.jpg?s=192&d=https%3A%2F%2Fa.slack-edge.com%2Fdf10d%2Fimg%2Favatars%2Fava_0011-192.png","image_512":"https:\/\/secure.gravatar.com\/avatar\/ccc3e0ec80aeaeddf31f931e6af87c06.jpg?s=512&d=https%3A%2F%2Fa.slack-edge.com%2Fdf10d%2Fimg%2Favatars%2Fava_0011-512.png","status_text_canonical":"","team":"T01ESRT4L21"},"is_admin":false,"is_owner":false,"is_primary_owner":false,"is_restricted":false,"is_ultra_restricted":false,"is_bot":false,"is_app_user":false,"updated":1605631729}
]