[
    {
        "type": "message",
        "subtype": "channel_join",
        "ts": "1605627754.003200",
        "user": "U01EXRVGM51",
        "text": "<@U01EXRVGM51> has joined the channel"
    },
    {
        "type": "message",
        "subtype": "channel_join",
        "ts": "1605627881.003400",
        "user": "U01EUHE4869",
        "text": "<@U01EUHE4869> has joined the channel"
    },
    {
        "type": "message",
        "subtype": "channel_join",
        "ts": "1605628143.003600",
        "user": "U01EGU2HJ87",
        "text": "<@U01EGU2HJ87> has joined the channel"
    },
    {
        "type": "message",
        "subtype": "channel_join",
        "ts": "1605628753.003800",
        "user": "U01EXTKFQ2X",
        "text": "<@U01EXTKFQ2X> has joined the channel"
    },
    {
        "type": "message",
        "subtype": "channel_join",
        "ts": "1605628965.004000",
        "user": "U01EUKEAYR3",
        "text": "<@U01EUKEAYR3> has joined the channel"
    }
]