[
    {
        "type": "message",
        "subtype": "channel_join",
        "ts": "1605627754.003200",
        "user": "U01EXRVGM51",
        "text": "<@U01EXRVGM51> has joined the channel"
    },
    {
        "type": "message",
        "subtype": "channel_join",
        "ts": "1605627881.003400",
        "user": "U01EUHE4869",
        "text": "<@U01EUHE4869> has joined the channel"
    },
    {
        "type": "message",
        "subtype": "channel_join",
        "ts": "1605628142.003600",
        "user": "U01EGU2HJ87",
        "text": "<@U01EGU2HJ87> has joined the channel"
    },
    {
        "type": "message",
        "subtype": "channel_join",
        "ts": "1605628753.003800",
        "user": "U01EXTKFQ2X",
        "text": "<@U01EXTKFQ2X> has joined the channel"
    },
    {
        "type": "message",
        "subtype": "channel_join",
        "ts": "1605628965.004000",
        "user": "U01EUKEAYR3",
        "text": "<@U01EUKEAYR3> has joined the channel"
    },
    {
        "client_msg_id": "3846d0b5-d467-4c12-98fc-fbeeb7a71299",
        "type": "message",
        "text": "<!here> please join the <#C01FKRF077A|mstalks> and <#C01F4FWQMRA|discussion-session> channels!",
        "user": "U01F23RNLA0",
        "ts": "1605640074.005700",
        "team": "T01ESRT4L21",
        "user_team": "T01ESRT4L21",
        "source_team": "T01ESRT4L21",
        "user_profile": {
            "avatar_hash": "4d348e9be4cd",
            "image_72": "https:\/\/avatars.slack-edge.com\/2020-11-16\/1491268124327_4d348e9be4cd013db6d3_72.jpg",
            "first_name": "Joe",
            "real_name": "Joe Hellerstein",
            "display_name": "Joe Hellerstein",
            "team": "T01ESRT4L21",
            "name": "hellerstein",
            "is_restricted": false,
            "is_ultra_restricted": false
        },
        "blocks": [
            {
                "type": "rich_text",
                "block_id": "yeV",
                "elements": [
                    {
                        "type": "rich_text_section",
                        "elements": [
                            {
                                "type": "broadcast",
                                "range": "here"
                            },
                            {
                                "type": "text",
                                "text": " please join the "
                            },
                            {
                                "type": "channel",
                                "channel_id": "C01FKRF077A"
                            },
                            {
                                "type": "text",
                                "text": " and "
                            },
                            {
                                "type": "channel",
                                "channel_id": "C01F4FWQMRA"
                            },
                            {
                                "type": "text",
                                "text": " channels!"
                            }
                        ]
                    }
                ]
            }
        ]
    },
    {
        "client_msg_id": "07c2083c-7dcb-41e6-880a-f410591dee63",
        "type": "message",
        "text": "Guys, thanks for organizing this.  Some really thought provoking work going on!  I need to drop now, unfortunately.",
        "user": "U01F40Z6H36",
        "ts": "1605640906.006400",
        "team": "T01ESRT4L21",
        "user_team": "T01ESRT4L21",
        "source_team": "T01ESRT4L21",
        "user_profile": {
            "avatar_hash": "g2c592429624",
            "image_72": "https:\/\/secure.gravatar.com\/avatar\/2c5924296244d4a1ff2b7e1095aaea90.jpg?s=72&d=https%3A%2F%2Fa.slack-edge.com%2Fdf10d%2Fimg%2Favatars%2Fava_0005-72.png",
            "first_name": "",
            "real_name": "Raghu Ramakrishnan",
            "display_name": "Raghu Ramakrishnan",
            "team": "T01ESRT4L21",
            "name": "raghu",
            "is_restricted": false,
            "is_ultra_restricted": false
        },
        "blocks": [
            {
                "type": "rich_text",
                "block_id": "Jqrc",
                "elements": [
                    {
                        "type": "rich_text_section",
                        "elements": [
                            {
                                "type": "text",
                                "text": "Guys, thanks for organizing this.  Some really thought provoking work going on!  I need to drop now, unfortunately."
                            }
                        ]
                    }
                ]
            }
        ]
    },
    {
        "client_msg_id": "0c5b09b4-4e4e-4e05-be27-81cb6e094472",
        "type": "message",
        "text": "Thanks for joining us!",
        "user": "U01F23RNLA0",
        "ts": "1605640916.006600",
        "team": "T01ESRT4L21",
        "user_team": "T01ESRT4L21",
        "source_team": "T01ESRT4L21",
        "user_profile": {
            "avatar_hash": "4d348e9be4cd",
            "image_72": "https:\/\/avatars.slack-edge.com\/2020-11-16\/1491268124327_4d348e9be4cd013db6d3_72.jpg",
            "first_name": "Joe",
            "real_name": "Joe Hellerstein",
            "display_name": "Joe Hellerstein",
            "team": "T01ESRT4L21",
            "name": "hellerstein",
            "is_restricted": false,
            "is_ultra_restricted": false
        },
        "blocks": [
            {
                "type": "rich_text",
                "block_id": "++y",
                "elements": [
                    {
                        "type": "rich_text_section",
                        "elements": [
                            {
                                "type": "text",
                                "text": "Thanks for joining us!"
                            }
                        ]
                    }
                ]
            }
        ]
    },
    {
        "client_msg_id": "37757E87-7088-41F4-AC90-897D2839C3E3",
        "type": "message",
        "text": "Is the problem with the cloud that it is not fast enough?  What are the real world workloads that are really fundamentally limited by consistency and speed?  Put another way, with every new compute platform there are new programming models and new classes of applications.  What are these new applications and their limitations in the cloud?",
        "user": "U01EWFEPW03",
        "ts": "1605641957.009600",
        "team": "T01ESRT4L21",
        "user_team": "T01ESRT4L21",
        "source_team": "T01ESRT4L21",
        "user_profile": {
            "avatar_hash": "g1273c5fb607",
            "image_72": "https:\/\/secure.gravatar.com\/avatar\/1273c5fb607b4b622a746a42692fa632.jpg?s=72&d=https%3A%2F%2Fa.slack-edge.com%2Fdf10d%2Fimg%2Favatars%2Fava_0005-72.png",
            "first_name": "",
            "real_name": "Joey",
            "display_name": "",
            "team": "T01ESRT4L21",
            "name": "jegonzal",
            "is_restricted": false,
            "is_ultra_restricted": false
        },
        "blocks": [
            {
                "type": "rich_text",
                "block_id": "d3tDv",
                "elements": [
                    {
                        "type": "rich_text_section",
                        "elements": [
                            {
                                "type": "text",
                                "text": "Is the problem with the cloud that it is not fast enough?  What are the real world workloads that are really fundamentally limited by consistency and speed?  Put another way, with every new compute platform there are new programming models and new classes of applications.  What are these new applications and their limitations in the cloud?"
                            }
                        ]
                    }
                ]
            }
        ]
    },
    {
        "client_msg_id": "281d5b48-6e0b-46ba-8d6b-f8c61fc64e6e",
        "type": "message",
        "text": "Thanks all",
        "user": "U01FMN67REU",
        "ts": "1605643593.011600",
        "team": "T01ESRT4L21",
        "user_team": "T01ESRT4L21",
        "source_team": "T01ESRT4L21",
        "user_profile": {
            "avatar_hash": "gccc3e0ec80a",
            "image_72": "https:\/\/secure.gravatar.com\/avatar\/ccc3e0ec80aeaeddf31f931e6af87c06.jpg?s=72&d=https%3A%2F%2Fa.slack-edge.com%2Fdf10d%2Fimg%2Favatars%2Fava_0011-72.png",
            "first_name": "",
            "real_name": "Umar Farooq Minhas",
            "display_name": "Umar Farooq Minhas",
            "team": "T01ESRT4L21",
            "name": "ufminhas",
            "is_restricted": false,
            "is_ultra_restricted": false
        },
        "blocks": [
            {
                "type": "rich_text",
                "block_id": "GbBs",
                "elements": [
                    {
                        "type": "rich_text_section",
                        "elements": [
                            {
                                "type": "text",
                                "text": "Thanks all"
                            }
                        ]
                    }
                ]
            }
        ]
    }
]